0x8003961C,"Main_DummyFunc"
0x80039624,"_entry"
0x800396E0,"main"
0x80039D48,"func_80039D48"
0x80039F80,"func_80039F80"
0x8003A230,"func_8003A230"
0x8003A570,"func_8003A570"
0x8003A788,"func_8003A788"
0x8003AA00,"func_8003AA00"
0x8003ADB8,"func_8003ADB8"
0x8003ADE0,"func_8003ADE0"
0x8003AE24,"func_8003AE24"
0x8003AE90,"func_8003AE90"
0x8003AED8,"func_8003AED8"
0x8003AF4C,"func_8003AF4C"
0x8003B5EC,"func_8003B5EC"
0x8003B8FC,"func_8003B8FC"
0x8003BBB4,"func_8003BBB4"
0x8003BC44,"func_8003BC44"
0x8003BCE0,"func_8003BCE0"
0x8003BD18,"func_8003BD18"
0x8003BDFC,"func_8003BDFC"
0x8003BE70,"func_8003BE70"
0x8003BF4C,"func_8003BF4C"
0x8003BFF4,"func_8003BFF4"
0x8003C06C,"func_8003C06C"
0x8003C0E4,"func_8003C0E4"
0x8003C1CC,"CdFiles_ClearLoadRequests"
0x8003C2BC,"func_8003C2BC"
0x8003C544,"CdFiles_RequestCdFile"
0x8003C664,"func_8003C664"
0x8003C790,"func_8003C790"
0x8003C8E4,"func_8003C8E4"
0x8003D208,"func_8003D208"
0x8003F9F0,"CdFiles_MdecOutCallback"
0x8003FB0C,"CdFiles_DecompressLZ77"
0x8003FDF8,"func_8003FDF8"
0x8003FE5C,"func_8003FE5C"
0x8003FEA0,"func_8003FEA0"
0x8003FEC4,"CdFiles_AllSlotsEmpty"
0x8003FED4,"func_8003FED4"
0x8003FEF0,"func_8003FEF0"
0x8003FF24,"func_8003FF24"
0x80040010,"CdFiles_PCLoadFileData"
0x80040108,"CdFiles_PCWriteFileData"
0x800401AC,"func_800401AC"
0x8004021C,"CdFiles_GetPrefixedGamefileName"
0x800402C4,"CdFiles_GetSuffixedGamefileName"
0x80040348,"func_80040348"
0x80040430,"func_80040430"
0x800404B0,"func_800404B0"
0x8004051C,"func_8004051C"
0x800405A4,"func_800405A4"
0x800407CC,"func_800407CC"
0x80040994,"func_80040994"
0x80040A90,"func_80040A90"
0x80040CFC,"func_80040CFC"
0x80040E50,"func_80040E50"
0x80040EEC,"func_80040EEC"
0x80041004,"func_80041004"
0x8004123C,"func_8004123C"
0x800413DC,"func_800413DC"
0x800416A8,"func_800416A8"
0x8004179C,"func_8004179C"
0x80041958,"func_80041958"
0x80041AF8,"func_80041AF8"
0x80041D98,"func_80041D98"
0x80041E90,"func_80041E90"
0x80041F74,"func_80041F74"
0x80041FC8,"func_80041FC8"
0x80041FDC,"func_80041FDC"
0x80042044,"func_80042044"
0x80042130,"func_80042130"
0x8004224C,"func_8004224C"
0x800422C0,"func_800422C0"
0x80042368,"func_80042368"
0x80042494,"func_80042494"
0x800424F8,"func_800424F8"
0x80042770,"func_80042770"
0x800427E0,"func_800427E0"
0x800428B4,"func_800428B4"
0x800429C0,"func_800429C0"
0x80042A54,"func_80042A54"
0x80042F80,"func_80042F80"
0x80043538,"func_80043538"
0x800438C0,"func_800438C0"
0x80043BAC,"func_80043BAC"
0x80043E0C,"func_80043E0C"
0x80044A78,"func_80044A78"
0x800450E8,"func_800450E8"
0x80045CF4,"func_80045CF4"
0x80045DF4,"func_80045DF4"
0x8004607C,"func_8004607C"
0x80046498,"func_80046498"
0x80046650,"func_80046650"
0x80046910,"func_80046910"
0x80046F70,"func_80046F70"
0x8004814C,"func_8004814C"
0x80048220,"func_80048220"
0x800482F4,"func_800482F4"
0x800483C8,"func_800483C8"
0x80048518,"func_80048518"
0x800485F4,"func_800485F4"
0x800486C8,"func_800486C8"
0x80048780,"func_80048780"
0x800488E0,"func_800488E0"
0x8004893C,"func_8004893C"
0x80048B6C,"func_80048B6C"
0x8004B614,"func_8004B614"
0x8004B828,"func_8004B828"
0x8004BAF4,"func_8004BAF4"
0x8004BC54,"func_8004BC54"
0x8004BDBC,"func_8004BDBC"
0x8004BEB0,"func_8004BEB0"
0x8004C234,"func_8004C234"
0x800500F8,"func_800500F8"
0x80051614,"func_80051614"
0x80051880,"func_80051880"
0x800519DC,"func_800519DC"
0x80051C68,"GfxDraw_loadSprite4Bit"
0x80051E74,"func_80051E74"
0x80051FA0,"func_80051FA0"
0x80052100,"func_80052100"
0x80053130,"func_80053130"
0x80053324,"func_80053324"
0x80053370,"func_80053370"
0x800533FC,"func_800533FC"
0x80053544,"func_80053544"
0x80053678,"func_80053678"
0x800537C8,"func_800537C8"
0x800538C0,"func_800538C0"
0x80053904,"func_80053904"
0x80053910,"func_80053910"
0x80053A10,"func_80053A10"
0x80053C04,"func_80053C04"
0x80053CE0,"func_80053CE0"
0x80053E18,"func_80053E18"
0x80053E90,"func_80053E90"
0x80053ED4,"func_80053ED4"
0x80053F18,"GfxDraw_SetCLUTSemitrans"
0x80053FA8,"func_80053FA8"
0x800540A4,"func_800540A4"
0x80054204,"func_80054204"
0x8005434C,"func_8005434C"
0x800546AC,"func_800546AC"
0x80054714,"func_80054714"
0x800547D8,"func_800547D8"
0x800548B4,"func_800548B4"
0x80054994,"func_80054994"
0x80054AAC,"func_80054AAC"
0x80054B84,"func_80054B84"
0x800564D4,"func_800564D4"
0x800568AC,"func_800568AC"
0x80056C6C,"GfxDraw_loadSprite8Bit_Y256"
0x80056D88,"func_80056D88"
0x80056FBC,"GfxDraw_renderSpritePolys_56fbc"
0x800573EC,"GfxDraw_renderSpritePolys_573ec"
0x80057834,"func_80057834"
0x800578DC,"func_800578DC"
0x80057B0C,"func_80057B0C"
0x8005817C,"func_8005817C"
0x800589FC,"func_800589FC"
0x80059058,"func_80059058"
0x8005A04C,"func_8005A04C"
0x8005A3B4,"func_8005A3B4"
0x8005A480,"func_8005A480"
0x8005A4FC,"func_8005A4FC"
0x8005A6E0,"func_8005A6E0"
0x8005A76C,"func_8005A76C"
0x8005A854,"func_8005A854"
0x8005A98C,"func_8005A98C"
0x8005AE90,"func_8005AE90"
0x8005B054,"func_8005B054"
0x8005B200,"func_8005B200"
0x8005B2B8,"func_8005B2B8"
0x8005B3E4,"func_8005B3E4"
0x8005B88C,"func_8005B88C"
0x8005B9CC,"func_8005B9CC"
0x8005BAD4,"func_8005BAD4"
0x8005BC00,"func_8005BC00"
0x8005C3EC,"func_8005C3EC"
0x8005D1DC,"func_8005D1DC"
0x8005D53C,"func_8005D53C"
0x8005D7A8,"func_8005D7A8"
0x8005D8EC,"func_8005D8EC"
0x8005DA30,"func_8005DA30"
0x8005DD8C,"func_8005DD8C"
0x8005DF54,"GfxDraw_renderSpritePolys_5df54"
0x8005DF98,"GfxDraw_renderSpritePolys_5df98"
0x8005E028,"func_8005E028"
0x8005E0D4,"func_8005E0D4"
0x8005E188,"func_8005E188"
0x8005E2A4,"func_8005E2A4"
0x8005E350,"func_8005E350"
0x8005E400,"func_8005E400"
0x8005E4DC,"func_8005E4DC"
0x8005E5B8,"func_8005E5B8"
0x8005E6D0,"func_8005E6D0"
0x8005E86C,"func_8005E86C"
0x8005F298,"func_8005F298"
0x8005F45C,"func_8005F45C"
0x8005FDD8,"func_8005FDD8"
0x8006050C,"func_8006050C"
0x80060784,"func_80060784"
0x8006089C,"func_8006089C"
0x800609B8,"func_800609B8"
0x80060A1C,"func_80060A1C"
0x80060ABC,"func_80060ABC"
0x80060B50,"func_80060B50"
0x80060BCC,"func_80060BCC"
0x80060C04,"func_80060C04"
0x80060C98,"func_80060C98"
0x80061038,"func_80061038"
0x800611A4,"func_800611A4"
0x80061338,"func_80061338"
0x800613E8,"func_800613E8"
0x800614D4,"func_800614D4"
0x80061514,"func_80061514"
0x800630E8,"func_800630E8"
0x80063184,"func_80063184"
0x800631A8,"func_800631A8"
0x800631D4,"func_800631D4"
0x80063208,"func_80063208"
0x8006329C,"func_8006329C"
0x800632B4,"func_800632B4"
0x800632DC,"func_800632DC"
0x8006330C,"func_8006330C"
0x80063330,"func_80063330"
0x80063358,"func_80063358"
0x800633CC,"func_800633CC"
0x800633F4,"func_800633F4"
0x8006341C,"func_8006341C"
0x800634BC,"func_800634BC"
0x800634E4,"func_800634E4"
0x8006350C,"func_8006350C"
0x800635A8,"func_800635A8"
0x800635D0,"func_800635D0"
0x800635FC,"func_800635FC"
0x80063614,"func_80063614"
0x80063624,"func_80063624"
0x80063638,"func_80063638"
0x80063698,"func_80063698"
0x800636C0,"func_800636C0"
0x800636E8,"func_800636E8"
0x80063710,"func_80063710"
0x80063734,"func_80063734"
0x8006378C,"func_8006378C"
0x800637B0,"func_800637B0"
0x800637D0,"func_800637D0"
0x80063818,"func_80063818"
0x80063820,"func_80063820"
0x8006387C,"func_8006387C"
0x8006494C,"func_8006494C"
0x80064AC4,"func_80064AC4"
0x80064D08,"func_80064D08"
0x80065320,"func_80065320"
0x80066634,"func_80066634"
0x80066720,"func_80066720"
0x80066854,"func_80066854"
0x80066920,"func_80066920"
0x8006699C,"func_8006699C"
0x80066A08,"func_80066A08"
0x80066AAC,"func_80066AAC"
0x80066B90,"func_80066B90"
0x80066C3C,"func_80066C3C"
0x80066DA0,"func_80066DA0"
0x80069A88,"func_80069A88"
0x80069B98,"func_80069B98"
0x8006D348,"func_8006D348"
0x8006E0AC,"func_8006E0AC"
0x8006E8A0,"func_8006E8A0"
0x8006EB40,"func_8006EB40"
0x8006ED8C,"func_8006ED8C"
0x8006EFD8,"func_8006EFD8"
0x8006F28C,"func_8006F28C"
0x8006F440,"func_8006F440"
0x8006F634,"func_8006F634"
0x8006F7B8,"func_8006F7B8"
0x80070004,"func_80070004"
0x80070104,"func_80070104"
0x80070138,"func_80070138"
0x80070F50,"func_80070F50"
0x80070F90,"func_80070F90"
0x80071034,"func_80071034"
0x80071080,"func_80071080"
0x8007112C,"func_8007112C"
0x800711A8,"Heap_AddAvailableMemory"
0x800714A4,"Heap_ArenaAlloc"
0x800715D4,"Heap_IncrAsNumber_ff722_715d4"
0x80071728,"Heap_DecrAsNumber_ff722_71728"
0x80071874,"Heap_prng_seed_71874"
0x80071964,"Heap_prng_next10a530_71964"
0x80071A14,"Heap_setfead8_feae0_71A14"
0x80071BD0,"Heap_ResetArena"
0x80071C5C,"Heap_FreeMemory"
0x80071C84,"Heap_SmallestFreeBlockIndex"
0x80071CD0,"Heap_ClearAllFlags_ff722_71CD0"
0x80071CF8,"Heap_SetFlag_ff722_71cf8"
0x80071D40,"Heap_ClearFlag_ff722_71d40"
0x80071D88,"Heap_XorFlag_ff722_71d88"
0x80071DD0,"Heap_CheckFlag_ff722_71dd0"
0x80071E1C,"Heap_SetFlags_ff722_71e1c"
0x80071EDC,"Heap_CheckFlags_ff722_71edc"
0x80071F64,"Heap_prng_71f64"
0x80071FBC,"Heap_prng_71fbc"
0x80072064,"MCSave_WriteMCFileHead"
0x80072404,"MCSave_InitMCContext"
0x80072438,"MCSave_StartMemCard"
0x8007246C,"MCSave_StopMemCard"
0x8007248C,"func_8007248C"
0x80072548,"MCSave_CalculateMCDataChecksum"
0x8007259C,"MCSave_UpdateMCDataChecksum"
0x80072624,"MCSave_ChecksumMCData"
0x800726A0,"func_800726A0"
0x80072ABC,"func_80072ABC"
0x80072DDC,"func_80072DDC"
0x800734A4,"func_800734A4"
0x80073A58,"func_80073A58"
0x80073C3C,"func_80073C3C"
0x8007416C,"func_8007416C"
0x80074258,"func_80074258"
0x800742E4,"func_800742E4"
0x8007460C,"func_8007460C"
0x80074FD0,"func_80074FD0"
0x800751F0,"func_800751F0"
0x8007522C,"func_8007522C"
0x80075350,"func_80075350"
0x800761A0,"func_800761A0"
0x800763D0,"func_800763D0"
0x800764E8,"func_800764E8"
0x800767DC,"func_800767DC"
0x80076C90,"func_80076C90"
0x80076DA0,"func_80076DA0"
0x80076DCC,"func_80076DCC"
0x80076E24,"func_80076E24"
0x80076E70,"func_80076E70"
0x80076EF8,"func_80076EF8"
0x80077010,"func_80077010"
0x8007708C,"func_8007708C"
0x800770D4,"func_800770D4"
0x8007713C,"func_8007713C"
0x80077158,"func_80077158"
0x800771E4,"func_800771E4"
0x800772F4,"func_800772F4"
0x800773A0,"func_800773A0"
0x800774D4,"func_800774D4"
0x800775A4,"func_800775A4"
0x800775AC,"func_800775AC"
0x800775DC,"func_800775DC"
0x8007761C,"func_8007761C"
0x8007769C,"func_8007769C"
0x8007772C,"func_8007772C"
0x80077734,"func_80077734"
0x800778C0,"func_800778C0"
0x80077BFC,"func_80077BFC"
0x80077CD0,"func_80077CD0"
0x80077E60,"func_80077E60"
0x8007808C,"func_8007808C"
0x800788AC,"func_800788AC"
0x800797F0,"func_800797F0"
0x80079C78,"func_80079C78"
0x8007A154,"func_8007A154"
0x8007AD64,"func_8007AD64"
0x8007B2E8,"func_8007B2E8"
0x8007BCE4,"func_8007BCE4"
0x8007C2EC,"func_8007C2EC"
0x8007C3F8,"func_8007C3F8"
0x8007C868,"func_8007C868"
0x8007CBE4,"func_8007CBE4"
0x8007CCDC,"func_8007CCDC"
0x8007CDD4,"func_8007CDD4"
0x8007CE44,"func_8007CE44"
0x8007CE8C,"func_8007CE8C"
0x8007CEE8,"func_8007CEE8"
0x8007CF74,"func_8007CF74"
0x8007CFD4,"func_8007CFD4"
0x8007D004,"func_8007D004"
0x8007D044,"func_8007D044"
0x8007D104,"func_8007D104"
0x8007D16C,"func_8007D16C"
0x8007D1C4,"func_8007D1C4"
0x8007D1FC,"func_8007D1FC"
0x8007D24C,"func_8007D24C"
0x8007D280,"func_8007D280"
0x8007D388,"func_8007D388"
0x8007D400,"func_8007D400"
0x8007D4D0,"func_8007D4D0"
0x8007D4F4,"func_8007D4F4"
0x8007D548,"func_8007D548"
0x8007D568,"func_8007D568"
0x8007D5E8,"func_8007D5E8"
0x8007D63C,"func_8007D63C"
0x8007D690,"func_8007D690"
0x8007D714,"func_8007D714"
0x8007D774,"func_8007D774"
0x8007D7D4,"func_8007D7D4"
0x8007D85C,"func_8007D85C"
0x8007D8BC,"func_8007D8BC"
0x8007D910,"func_8007D910"
0x8007D930,"func_8007D930"
0x8007D9EC,"func_8007D9EC"
0x8007DA0C,"func_8007DA0C"
0x8007DA84,"func_8007DA84"
0x8007DAE0,"func_8007DAE0"
0x8007DB34,"func_8007DB34"
0x8007DB94,"func_8007DB94"
0x8007DC48,"func_8007DC48"
0x8007DC94,"func_8007DC94"
0x8007E298,"func_8007E298"
0x8007E678,"func_8007E678"
0x8007EEB0,"func_8007EEB0"
0x8007F090,"func_8007F090"
0x8007F420,"func_8007F420"
0x8007F5E8,"func_8007F5E8"
0x8007FC68,"func_8007FC68"
0x800800B4,"func_800800B4"
0x800801F4,"func_800801F4"
0x80080294,"func_80080294"
0x800809DC,"func_800809DC"
0x80080F98,"func_80080F98"
0x80081508,"func_80081508"
0x80081614,"func_80081614"
0x800818C8,"func_800818C8"
0x800823F0,"func_800823F0"
0x80082538,"func_80082538"
0x8008268C,"func_8008268C"
0x80082E98,"func_80082E98"
0x80083124,"func_80083124"
0x800833E0,"func_800833E0"
0x80083BCC,"func_80083BCC"
0x80083CB8,"func_80083CB8"
0x80083D9C,"func_80083D9C"
0x80083E38,"func_80083E38"
0x80084318,"func_80084318"
0x80084514,"func_80084514"
0x80084898,"func_80084898"
0x800849BC,"func_800849BC"
0x80084AEC,"func_80084AEC"
0x80084BA0,"func_80084BA0"
0x80084E7C,"func_80084E7C"
0x80086B90,"func_80086B90"
0x80086BD0,"func_80086BD0"
0x80086C10,"func_80086C10"
0x80086C50,"func_80086C50"
0x80086D38,"func_80086D38"
0x80086DC4,"func_80086DC4"
0x80086F88,"func_80086F88"
0x80087078,"func_80087078"
0x800870CC,"func_800870CC"
0x80087100,"func_80087100"
0x800871C4,"func_800871C4"
0x80087330,"func_80087330"
0x800873F4,"func_800873F4"
0x80087470,"func_80087470"
0x80087570,"func_80087570"
0x800875CC,"func_800875CC"
0x80087650,"func_80087650"
0x800876BC,"func_800876BC"
0x8008771C,"func_8008771C"
0x8008776C,"func_8008776C"
0x800877D4,"func_800877D4"
0x80087A2C,"func_80087A2C"
0x80087E7C,"func_80087E7C"
0x80088CD8,"func_80088CD8"
0x80088EA0,"func_80088EA0"
0x80089010,"func_80089010"
0x800892CC,"func_800892CC"
0x80089454,"func_80089454"
0x80089674,"func_80089674"
0x800899B0,"func_800899B0"
0x80089CB8,"func_80089CB8"
0x8008A0FC,"func_8008A0FC"
0x8008A2A8,"func_8008A2A8"
0x8008A50C,"UIGfx_LoadFaceToVmem"
0x8008A850,"func_8008A850"
0x8008AC84,"func_8008AC84"
0x8008B3CC,"func_8008B3CC"
0x8008B4B8,"func_8008B4B8"
0x8008B78C,"func_8008B78C"
0x8008B860,"func_8008B860"
0x8008B970,"func_8008B970"
0x8008BBEC,"func_8008BBEC"
0x8008BCB0,"func_8008BCB0"
0x8008C350,"func_8008C350"
0x8008C814,"func_8008C814"
0x8008D06C,"func_8008D06C"
0x8008D31C,"func_8008D31C"
0x8008D5EC,"func_8008D5EC"
0x8008D8A8,"func_8008D8A8"
0x8008DB50,"func_8008DB50"
0x8008DE9C,"func_8008DE9C"
0x8008E344,"func_8008E344"
0x8008EA18,"func_8008EA18"
0x8008EEA4,"func_8008EEA4"
0x8008F978,"func_8008F978"
0x8008FAF8,"func_8008FAF8"
0x8008FC58,"func_8008FC58"
0x8009001C,"func_8009001C"
0x800905C0,"func_800905C0"
0x8009078C,"func_8009078C"
0x80090AAC,"func_80090AAC"
0x80091254,"func_80091254"
0x800913F8,"func_800913F8"
0x800915B4,"func_800915B4"
0x80091870,"func_80091870"
0x80091B0C,"func_80091B0C"
0x80091DA4,"func_80091DA4"
0x80091FAC,"func_80091FAC"
0x80092108,"func_80092108"
0x80092478,"func_80092478"
0x800924B8,"func_800924B8"
0x800924F8,"func_800924F8"
0x80092538,"func_80092538"
0x80092578,"func_80092578"
0x800925B8,"func_800925B8"
0x800925F8,"func_800925F8"
0x80092638,"func_80092638"
0x80092678,"func_80092678"
0x800926B8,"func_800926B8"
0x800926F8,"func_800926F8"
0x80092738,"func_80092738"
0x8009280C,"func_8009280C"
0x800928F4,"func_800928F4"
0x80092930,"func_80092930"
0x80092AE0,"func_80092AE0"
0x80092B80,"func_80092B80"
0x80092CB8,"func_80092CB8"
0x80092D30,"func_80092D30"
0x80092D50,"func_80092D50"
0x80092E00,"func_80092E00"
0x80092E74,"func_80092E74"
0x80092EA8,"func_80092EA8"
0x80092F18,"func_80092F18"
0x80092FCC,"func_80092FCC"
0x80093074,"func_80093074"
0x80093130,"func_80093130"
0x8009320C,"func_8009320C"
0x8009335C,"func_8009335C"
0x800933E4,"func_800933E4"
0x8009345C,"func_8009345C"
0x800935C0,"func_800935C0"
0x8009375C,"func_8009375C"
0x8009397C,"func_8009397C"
0x8009403C,"func_8009403C"
0x800947E8,"func_800947E8"
0x80094958,"func_80094958"
0x80094A5C,"func_80094A5C"
0x80095EE0,"func_80095EE0"
0x80096054,"func_80096054"
0x80096350,"func_80096350"
0x80096954,"func_80096954"
0x80096B48,"func_80096B48"
0x800975D8,"func_800975D8"
0x800976A4,"func_800976A4"
0x80097AB0,"func_80097AB0"
0x80097E7C,"func_80097E7C"
0x80098290,"func_80098290"
0x8009832C,"func_8009832C"
0x8009A000,"func_8009A000"
0x8009A874,"func_8009A874"
0x8009AB98,"func_8009AB98"
0x8009B140,"func_8009B140"
0x8009CD18,"func_8009CD18"
0x8009D6A8,"func_8009D6A8"
0x8009D90C,"func_8009D90C"
0x8009DA60,"func_8009DA60"
0x8009DC08,"func_8009DC08"
0x8009E1D4,"func_8009E1D4"
0x8009E810,"func_8009E810"
0x8009EB28,"func_8009EB28"
0x8009EDB4,"func_8009EDB4"
0x8009EF60,"func_8009EF60"
0x8009F0F0,"func_8009F0F0"
0x8009FA44,"func_8009FA44"
0x8009FEF8,"func_8009FEF8"
0x800A03A0,"func_800A03A0"
0x800A0518,"func_800A0518"
0x800A0754,"func_800A0754"
0x800A09F8,"func_800A09F8"
0x800A0C4C,"func_800A0C4C"
0x800A1098,"func_800A1098"
0x800A141C,"func_800A141C"
0x800A1560,"func_800A1560"
0x800A1DB8,"func_800A1DB8"
0x800A26A8,"func_800A26A8"
0x800A298C,"func_800A298C"
0x800A2CBC,"func_800A2CBC"
0x800A2FD8,"func_800A2FD8"
0x800A3234,"func_800A3234"
0x800A34F0,"func_800A34F0"
0x800A377C,"func_800A377C"
0x800A3DE8,"func_800A3DE8"
0x800A3EAC,"func_800A3EAC"
0x800A3FC8,"func_800A3FC8"
0x800A4304,"func_800A4304"
0x800A49C8,"func_800A49C8"
0x800A4CF8,"func_800A4CF8"
0x800A5084,"func_800A5084"
0x800A5480,"func_800A5480"
0x800A5520,"func_800A5520"
0x800A56C8,"func_800A56C8"
0x800A584C,"func_800A584C"
0x800A59F0,"func_800A59F0"
0x800A709C,"func_800A709C"
0x800A72E8,"func_800A72E8"
0x800A78EC,"func_800A78EC"
0x800A7BA0,"func_800A7BA0"
0x800A7CB0,"func_800A7CB0"
0x800A7E04,"func_800A7E04"
0x800A826C,"func_800A826C"
0x800A926C,"func_800A926C"
0x800A9390,"func_800A9390"
0x800A96F0,"func_800A96F0"
0x800A9A34,"func_800A9A34"
0x800A9CC0,"func_800A9CC0"
0x800AA78C,"func_800AA78C"
0x800AAAA4,"func_800AAAA4"
0x800AAB84,"func_800AAB84"
0x800AAF80,"func_800AAF80"
0x800AAFC0,"func_800AAFC0"
0x800AB000,"func_800AB000"
0x800AB208,"func_800AB208"
0x800AB258,"func_800AB258"
0x800AB33C,"func_800AB33C"
0x800AB3F0,"func_800AB3F0"
0x800AB494,"func_800AB494"
0x800AB69C,"func_800AB69C"
0x800AB784,"func_800AB784"
0x800AB85C,"func_800AB85C"
0x800AB90C,"func_800AB90C"
0x800ABAE0,"func_800ABAE0"
0x800ABC1C,"func_800ABC1C"
0x800ABCE0,"func_800ABCE0"
0x800ABDB4,"func_800ABDB4"
0x800ABE04,"func_800ABE04"
0x800ABE74,"func_800ABE74"
0x800ABF68,"func_800ABF68"
0x800AC040,"func_800AC040"
0x800AC1DC,"func_800AC1DC"
0x800AC2B8,"func_800AC2B8"
0x800AC720,"func_800AC720"
0x800ADFB0,"func_800ADFB0"
0x800AE480,"func_800AE480"
0x800AE794,"func_800AE794"
0x800AEA50,"func_800AEA50"
0x800AEAFC,"func_800AEAFC"
0x800AEBC8,"func_800AEBC8"
0x800AF528,"func_800AF528"
0x800AFB88,"func_800AFB88"
0x800AFF58,"func_800AFF58"
0x800B0020,"func_800B0020"
0x800B0048,"func_800B0048"
0x800B0134,"func_800B0134"
0x800B0228,"func_800B0228"
0x800B02F4,"func_800B02F4"
0x800B03EC,"func_800B03EC"
0x800B04AC,"func_800B04AC"
0x800B0598,"func_800B0598"
0x800B07B8,"func_800B07B8"
0x800B0840,"func_800B0840"
0x800B0924,"func_800B0924"
0x800B09E0,"func_800B09E0"
0x800B0B1C,"func_800B0B1C"
0x800B0C38,"func_800B0C38"
0x800B0D40,"func_800B0D40"
0x800B0E24,"func_800B0E24"
0x800B1740,"func_800B1740"
0x800B25F8,"func_800B25F8"
0x800B30CC,"func_800B30CC"
0x800B318C,"func_800B318C"
0x800B3274,"func_800B3274"
0x800B3504,"func_800B3504"
0x800B38A4,"func_800B38A4"
0x800B3A0C,"func_800B3A0C"
0x800B3B94,"func_800B3B94"
0x800B3C7C,"func_800B3C7C"
0x800B3D44,"func_800B3D44"
0x800B3F84,"func_800B3F84"
0x800B424C,"func_800B424C"
0x800B493C,"func_800B493C"
0x800B4974,"func_800B4974"
0x800B4A38,"func_800B4A38"
0x800B4A78,"func_800B4A78"
0x800B4AB8,"func_800B4AB8"
0x800B4D0C,"func_800B4D0C"
0x800B4FF8,"func_800B4FF8"
0x800B505C,"func_800B505C"
0x800B5114,"func_800B5114"
0x800B51C0,"func_800B51C0"
0x800B520C,"func_800B520C"
0x800B528C,"func_800B528C"
0x800B530C,"func_800B530C"
0x800B54B4,"func_800B54B4"
0x800B5EE0,"func_800B5EE0"
0x800B60BC,"func_800B60BC"
0x800B645C,"func_800B645C"
0x800B69DC,"func_800B69DC"
0x800B6FE0,"func_800B6FE0"
0x800B7164,"func_800B7164"
0x800B7264,"func_800B7264"
0x800B74B8,"func_800B74B8"
0x800B7FE0,"func_800B7FE0"
0x800B8DC4,"func_800B8DC4"
0x800B8F2C,"func_800B8F2C"
0x800B9058,"func_800B9058"
0x800B957C,"func_800B957C"
0x800B973C,"func_800B973C"
0x800B9BB8,"func_800B9BB8"
0x800B9E94,"func_800B9E94"
0x800BA160,"func_800BA160"
0x800BA53C,"func_800BA53C"
0x800BA688,"func_800BA688"
0x800BA838,"func_800BA838"
0x800BAA00,"func_800BAA00"
0x800BAC98,"func_800BAC98"
0x800BAE68,"func_800BAE68"
0x800BAFA0,"func_800BAFA0"
0x800BB130,"func_800BB130"
0x800BB364,"func_800BB364"
0x800BB4F8,"func_800BB4F8"
0x800BB718,"func_800BB718"
0x800BB888,"func_800BB888"
0x800BB99C,"func_800BB99C"
0x800BC118,"func_800BC118"
0x800BC250,"func_800BC250"
0x800BC53C,"func_800BC53C"
0x800BD5C0,"func_800BD5C0"
0x800BD700,"func_800BD700"
0x800BD790,"func_800BD790"
0x800BD7CC,"func_800BD7CC"
0x800BD840,"func_800BD840"
0x800BD860,"func_800BD860"
0x800BD8AC,"func_800BD8AC"
0x800BD934,"func_800BD934"
0x800BD960,"func_800BD960"
0x800BD98C,"func_800BD98C"
0x800BDA8C,"func_800BDA8C"
0x800BDAF8,"func_800BDAF8"
0x800BE0F0,"func_800BE0F0"
0x800BE31C,"func_800BE31C"
0x800BE458,"func_800BE458"
0x800BE5C8,"func_800BE5C8"
0x800BE7A8,"func_800BE7A8"
0x800BE8D8,"func_800BE8D8"
0x800BEA78,"func_800BEA78"
0x800BECEC,"func_800BECEC"
0x800BEE98,"func_800BEE98"
0x800BF1AC,"func_800BF1AC"
0x800BF3C0,"func_800BF3C0"
0x800BF4C4,"func_800BF4C4"
0x800BF6D8,"func_800BF6D8"
0x800BFDD0,"func_800BFDD0"
0x800BFEB0,"func_800BFEB0"
0x800BFFCC,"func_800BFFCC"
0x800C006C,"func_800C006C"
0x800C024C,"func_800C024C"
0x800C027C,"func_800C027C"
0x800C02BC,"func_800C02BC"
0x800C02FC,"func_800C02FC"
0x800C033C,"func_800C033C"
0x800C03C4,"func_800C03C4"
0x800C0404,"func_800C0404"
0x800C0444,"func_800C0444"
0x800C04D4,"func_800C04D4"
0x800C0580,"func_800C0580"
0x800C0600,"func_800C0600"
0x800C0630,"func_800C0630"
0x800C0660,"func_800C0660"
0x800C06AC,"func_800C06AC"
0x800C06EC,"func_800C06EC"
0x800C0744,"func_800C0744"
0x800C0790,"func_800C0790"
0x800C07E4,"func_800C07E4"
0x800C0950,"func_800C0950"
0x800C09F0,"func_800C09F0"
0x800C0A74,"func_800C0A74"
0x800C0B5C,"func_800C0B5C"
0x800C1468,"func_800C1468"
0x800C1A34,"func_800C1A34"
0x800C1D68,"func_800C1D68"
0x800C20EC,"func_800C20EC"
0x800C2670,"func_800C2670"
0x800C29D8,"func_800C29D8"
0x800C2D44,"func_800C2D44"
0x800C314C,"func_800C314C"
0x800C4418,"func_800C4418"
0x800C44B4,"func_800C44B4"
0x800C45E0,"func_800C45E0"
0x800C4620,"func_800C4620"
0x800C4668,"func_800C4668"
0x800C46D8,"Math__fixdfsi"
0x800C47D8,"Math_dbl_shift"
0x800C4898,"Math__fixunsdfsi"
0x800C4998,"Math__floatsidf"
0x800C4AB8,"Math_dbl_shift_us"
0x800C4B78,"Math__floatsisf"
0x800C4C48,"Math__lesf2"
0x800C4CF8,"Math_err_math"
0x800C4D68,"Math_sqrt"
0x800C4EA8,"Math__adddf3"
0x800C5228,"Math_add_mant_d"
0x800C52D8,"Math__divdf3"
0x800C55B8,"Math_comp_mant"
0x800C5608,"Math__gtdf2"
0x800C56E8,"Math__ltdf2"
0x800C57C8,"Math_mainasu"
0x800C5838,"Math__muldf3"
0x800C5B4C,"Math_mul_mant_d"
0x800C5C38,"func_800C5C38"
0x800C5C78,"func_800C5C78"
0x800C5DE8,"func_800C5DE8"
0x800C5F48,"PadEntry_PadGetState"
0x800C6018,"PadEntry_PadInfoMode"
0x800C6118,"PadMain_padStartCom"
0x800C61E4,"PadMain_padStopCom"
0x800C6228,"func_800C6228"
0x800C62D8,"func_800C62D8"
0x800C6524,"func_800C6524"
0x800C6C08,"PadSeq_dirFailAuto"
0x800C6D18,"func_800C6D18"
0x800C6D80,"func_800C6D80"
0x800C6F10,"PadMain_padInitSioMode"
0x800C7244,"PadMain_internal_C7244"
0x800C7334,"PadMain_padSioRW"
0x800C7558,"PadMain_padSioRW2"
0x800C77D4,"PadMain_padClrIntSio0"
0x800C7864,"PadMain_padWaitRXready"
0x800C788C,"PadCmd_padSetCmd"
0x800C789C,"PadCmd_padSendAtLoadInfo"
0x800C7920,"PadCmd_padRecvAtLoadInfo"
0x800C7B90,"PadCmd_padGetActSize"
0x800C7BC8,"PadCmd_padLoadActInfo"
0x800C813C,"PadCmd_padCmdParaMode"
0x800C815C,"func_800C815C"
0x800C8170,"func_800C8170"
0x800C8190,"func_800C8190"
0x800C81B0,"func_800C81B0"
0x800C81D0,"func_800C81D0"
0x800C81E4,"func_800C81E4"
0x800C8204,"func_800C8204"
0x800C82A4,"func_800C82A4"
0x800C83C4,"func_800C83C4"
0x800C8470,"func_800C8470"
0x800C858C,"func_800C858C"
0x800C8B88,"Mcrd_MemCardInit"
0x800C8BB8,"LibCard_unk_800C8BB8"
0x800C8BD8,"Card_Sys_bu_init"
0x800C8BE8,"func_800C8BE8"
0x800C8C78,"func_800C8C78"
0x800C8CC0,"func_800C8CC0"
0x800C8CE8,"Card_InitCARD2"
0x800C8CF8,"Card_StartCARD2"
0x800C8D08,"Card_StopCARD2"
0x800C8D18,"func_800C8D18"
0x800C8D5C,"func_800C8D5C"
0x800C8D88,"func_800C8D88"
0x800C8DF4,"Card_Patch_patch_card"
0x800C8E88,"Card_Patch_patch_card2"
0x800C8EF8,"Card_Patch_copy_memcard_patch"
0x800C8F38,"func_800C8F38"
0x800C8FE0,"func_800C8FE0"
0x800C9008,"func_800C9008"
0x800C9014,"Mcrd_MemCardStart"
0x800C9084,"Mcrd_MemCardStop"
0x800C90C4,"Mcrd_MemCardExist"
0x800C912C,"func_800C912C"
0x800C9448,"Mcrd_MemCardAccept"
0x800C94B0,"C94B0_mcevent"
0x800C9758,"Mcrd_MemCardOpen"
0x800C98E0,"Mcrd_MemCardClose"
0x800C9924,"Mcrd_MemCardReadData"
0x800C99DC,"func_800C99DC"
0x800C9B8C,"Mcrd_MemCardWriteData"
0x800C9C44,"func_800C9C44"
0x800C9DF0,"Mcrd_MemCardReadFile"
0x800C9F08,"func_800C9F08"
0x800CA010,"Mcrd_MemCardWriteFile"
0x800CA128,"func_800CA128"
0x800CA230,"Mcrd_MemCardGetDirentry"
0x800CA48C,"setWordAt_8010add4"
0x800CA4A0,"Mcrd_MemCardSync"
0x800CA5BC,"Mcrd_MemCardCreateFile"
0x800CA6B8,"func_800CA6B8"
0x800CA72C,"func_800CA72C"
0x800CA780,"func_800CA780"
0x800CA82C,"CA82C_loadMCPathStem"
0x800CA888,"Card_Sys_card_info"
0x800CA898,"Card_Sys_card_load"
0x800CA8A8,"Card_Sys_card_clear"
0x800CA8E8,"Card_Sys_card_write"
0x800CA8F8,"Card_Sys_new_card"
0x800CA908,"Mcrd_UserFuncInit"
0x800CA918,"Mcrd_UserFuncOpen"
0x800CA994,"Mcrd_UserFuncExecute"
0x800CAA00,"func_800CAA00"
0x800CAAB8,"Mcrd_Bios_card_open"
0x800CAAE8,"Mcrd_Bios_card_start"
0x800CACC4,"Mcrd_Bios_card_close"
0x800CACE4,"Mcrd_Bios_card_stop"
0x800CAD98,"Mcrd_Bios_clr_card_event"
0x800CAEA0,"Mcrd_Bios_get_card_event_x"
0x800CAF78,"Mcrd_Bios_get_card_event"
0x800CB050,"Mcrd_Bios_chk_card_event_x"
0x800CB08C,"Mcrd_Bios_chk_card_event"
0x800CB0C8,"func_800CB0C8"
0x800CB498,"Mcrd_CreateFileInternal"
0x800CBB58,"Card_Sys_card_read"
0x800CBB68,"func_800CBB68"
0x800CBC18,"Spu_SpuClearReverbWorkArea"
0x800CBDB8,"Spu_spu_init"
0x800CC038,"func_800CC038"
0x800CC2B4,"Spu_spu_Fr_"
0x800CC35C,"Spu_spu_t"
0x800CC5DC,"Spu_spu_Fw"
0x800CC660,"Spu_spu_Fr"
0x800CC6C4,"Spu_spu_FsetRXX"
0x800CC708,"Spu_spu_FsetRXXa"
0x800CC840,"func_800CC840"
0x800CC868,"func_800CC868"
0x800CC890,"Spu_spu_Fw1ts"
0x800CC8F8,"Spu_SpuInitInternal"
0x800CC9E0,"Spu_SpuStart"
0x800CCA58,"Spu_SpuDataCallback"
0x800CCA88,"func_800CCA88"
0x800CCB08,"func_800CCB08"
0x800CCB98,"Spu_SpuSetTransferMode"
0x800CCBC8,"Spu_SpuSetCommonCDVolume"
0x800CCBE8,"Spu_SpuSetCommonCDMix"
0x800CCC28,"func_800CCC28"
0x800CCE04,"func_800CCE04"
0x800CCE38,"func_800CCE38"
0x800CCE68,"SoundSs_SsSeqCalledTbyT"
0x800CD0D8,"SoundSs_SsSndCrescendo"
0x800CD2E8,"SoundSs_SsSndPause"
0x800CD388,"func_800CD388"
0x800CD3B8,"SoundMidi_SsSeqPlay"
0x800CD4B4,"SoundMidi_SsSeqGetEof"
0x800CD6F8,"SoundMidi_SsGetSeqData"
0x800CDAA8,"SoundMidi_SsReadDeltaValue"
0x800CDB58,"SoundSs_SsSndNextSep"
0x800CDC58,"SoundSs_SsSndReplay"
0x800CDCB8,"func_800CDCB8"
0x800CDE34,"SoundSs_SsSeqClose"
0x800CDE58,"SoundSs_SsSepClose"
0x800CDE88,"SoundSs_SsSndSetCres"
0x800CDF28,"SoundSs_SsSeqSetCrescendo"
0x800CDFA4,"SoundSs_SsSepSetCrescendo"
0x800CE048,"SoundSs_SsSndSetDecres"
0x800CE0EC,"SoundSs_SsSeqSetDecrescendo"
0x800CE16C,"SoundSs_SsSepSetDecrescendo"
0x800CE218,"SoundSs_SsEnd"
0x800CE2C8,"SoundSs_SsInitInternal"
0x800CE368,"SoundSs_SsInit"
0x800CE3A8,"func_800CE3A8"
0x800CE3C8,"SoundSs_SsIsEos"
0x800CE408,"SoundSs_SsSeqOpen"
0x800CE698,"SoundMidi_SsContBankChange"
0x800CE718,"SoundMidi_SsContDataEntry"
0x800CEA98,"SoundMidi_SsContMainVol"
0x800CEB68,"SoundMidi_SsContPanpot"
0x800CEC38,"SoundMidi_SsContExpression"
0x800CED28,"SoundMidi_SsContDamper"
0x800CEDD8,"SoundMidi_SsContExternal"
0x800CEE68,"SoundMidi_SsContNrpn1"
0x800CEF68,"SoundMidi_SsContNrpn2"
0x800CF0A8,"SoundMidi_SsContRpn1"
0x800CF118,"SoundMidi_SsContRpn2"
0x800CF188,"SoundMidi_SsContResetAll"
0x800CF248,"SoundMidi_SsSetNrpnVabAttr0"
0x800CF2D8,"SoundMidi_SsSetNrpnVabAttr1"
0x800CF398,"SoundMidi_SsSetNrpnVabAttr2"
0x800CF428,"SoundMidi_SsSetNrpnVabAttr3"
0x800CF4B8,"SoundMidi_SsSetNrpnVabAttr4"
0x800CF568,"SoundUt_SsUtResolveADSR"
0x800CF5C4,"SoundUt_SsUtBuildADSR"
0x800CF668,"SoundMidi_SsSetNrpnVabAttr5"
0x800CF728,"SoundMidi_SsSetNrpnVabAttr6"
0x800CF7D8,"SoundMidi_SsSetNrpnVabAttr7"
0x800CF888,"SoundMidi_SsSetNrpnVabAttr8"
0x800CF938,"SoundMidi_SsSetNrpnVabAttr9"
0x800CF9F8,"SoundMidi_SsSetNrpnVabAttr10"
0x800CFAA8,"SoundMidi_SsSetNrpnVabAttr11"
0x800CFB58,"SoundMidi_SsSetNrpnVabAttr12"
0x800CFC38,"SoundMidi_SsSetNrpnVabAttr13"
0x800CFCD8,"SoundMidi_SsSetNrpnVabAttr14"
0x800CFD78,"SoundMidi_SsSetNrpnVabAttr15"
0x800CFDA8,"SoundMidi_SsSetNrpnVabAttr16"
0x800CFDD8,"SoundMidi_SsSetNrpnVabAttr17"
0x800CFE08,"SoundMidi_SsSetNrpnVabAttr18"
0x800CFE38,"SoundMidi_SsSetNrpnVabAttr19"
0x800CFE68,"SoundMidi_SsSetPitchBend"
0x800CFF18,"SoundMidi_SsSetControlChange"
0x800D0148,"SoundMidi_SsGetMetaEvent"
0x800D0318,"SoundMidi_SsNoteOn"
0x800D03F8,"SoundMidi_SsSetProgramChange"
0x800D0468,"SoundSs_SsInitSoundSeq"
0x800D07B8,"SoundSs_SsSndSetPauseMode"
0x800D0884,"SoundSs_SsSeqPause"
0x800D08AC,"func_800D08AC"
0x800D08D8,"SoundSs_SsSeqPlay"
0x800D0918,"SoundSs_SsPlayBack"
0x800D09D8,"func_800D09D8"
0x800D09F8,"func_800D09F8"
0x800D0A78,"SoundSs_SsSndSetReplayMode"
0x800D0B14,"func_800D0B14"
0x800D0B3C,"func_800D0B3C"
0x800D0B68,"SoundSs_SetPlayMode"
0x800D0C88,"SoundSs_SsSetSerialAttr"
0x800D0D48,"Spu_SpuSetCommonAttr"
0x800D10C8,"SoundSs_SsSetMVol"
0x800D1118,"func_800D1118"
0x800D1348,"SoundSs_SsStart"
0x800D1368,"SoundSs_SsStart2"
0x800D1388,"func_800D1388"
0x800D13D4,"func_800D13D4"
0x800D1428,"SoundSs_SsSndStop"
0x800D15A8,"func_800D15A8"
0x800D15D0,"SoundSs_SsSepStop"
0x800D1608,"SoundSs_SsSetSerialVol"
0x800D1718,"SoundSs_SsSetTableSize"
0x800D1938,"SoundSs_SsSetTickMode"
0x800D1A88,"SoundSs_SsSndSetVol"
0x800D1B18,"SoundSs_SsSeqSetVol"
0x800D1B80,"SoundSs_SsSepSetVol"
0x800D1C18,"SoundSs_SsSeqGetVol"
0x800D1C58,"SoundSs_SsSndTempo"
0x800D1E78,"SoundSs_SsSndSetVolData"
0x800D1EE8,"SoundUt_SsUtAllKeyOff"
0x800D2038,"Spu_SpuSetVoiceAttr"
0x800D2638,"Spu_spu_note2pitch"
0x800D2838,"SoundUt_SsUtGetProgAtr"
0x800D2948,"SoundUt_SsUtGetVagAtr"
0x800D2B88,"SoundUt_SsUtSetReverbDelay"
0x800D2BC8,"Spu_SpuSetReverbModeParam"
0x800D30A8,"Spu_spu_setReverbAttr"
0x800D3578,"SoundUt_SsUtSetReverbDepth"
0x800D3608,"SoundUt_SsUtSetReverbType"
0x800D36A8,"func_800D36A8"
0x800D3798,"SoundUt_SsUtSetReverbFeedback"
0x800D37D8,"SoundUt_SsUtReverbOff"
0x800D37F8,"SoundUt_SsUtReverbOn"
0x800D3818,"SoundUt_SsUtSetVagAtr"
0x800D39E8,"SoundVm_SsVmDamperOff"
0x800D39F8,"SoundVm_SsVmDamperOn"
0x800D3A08,"SoundVm_SsVmFlush"
0x800D3ED8,"Spu_SpuSetNoiseVoice"
0x800D3F08,"Spu_SpuSetAnyVoice"
0x800D41C8,"Spu_SpuGetNoiseVoice"
0x800D41F8,"Spu_SpuGetAnyVoice"
0x800D4228,"Spu_SpuSetReverbVoice"
0x800D4258,"Spu_SpuGetReverbVoice"
0x800D4288,"Spu_SpuSetKey"
0x800D4448,"Spu_SpuGetVoiceEnvelope"
0x800D4468,"SoundVm_SsVmInit"
0x800D47B8,"Spu_SpuInitMalloc"
0x800D4818,"Spu_spu_setInTransfer"
0x800D4840,"Spu_spu_getInTransfer"
0x800D4858,"SoundVm_SsVmKeyOn"
0x800D4D74,"SoundVm_SsVmKeyOff"
0x800D4ED4,"SoundVm_SsVmSeKeyOn"
0x800D4FC0,"SoundVm_SsVmSeKeyOff"
0x800D4FF8,"SoundVm_SsVmAlloc"
0x800D5268,"SoundVm_SsVmDoAllocate"
0x800D5438,"SoundVm_note2pitch"
0x800D5484,"SoundVm_note2pitch2"
0x800D54EC,"SoundVm_SsPitchFromNote"
0x800D5618,"SoundVm_vmNoiseOn"
0x800D5B88,"Spu_SpuSetNoiseClock"
0x800D5BD8,"SoundVm_vmNoiseOff"
0x800D5C18,"SoundVm_SsVmKeyOffNow"
0x800D5CD8,"SoundVm_SsVmKeyOnNow"
0x800D61A8,"SoundVm_SsVmPBVoice"
0x800D6394,"SoundVm_SsVmPitchBend"
0x800D6478,"func_800D6478"
0x800D64E8,"SoundVm_SsVmSetSeqVol"
0x800D6A54,"SoundVm_SsVmGetSeqVol"
0x800D6AB8,"SoundVm_SsVmSeqKeyOff"
0x800D6B68,"SoundVm_SsVmSelectToneAndVag"
0x800D6C38,"SoundVs_SsVmSetVol"
0x800D71D8,"SoundVs_SsVmVSetUp"
0x800D7298,"SoundVs_SsSetMono"
0x800D72A8,"SoundVs_SsSetStereo"
0x800D72B8,"SoundVs_SsSetReservedVoice"
0x800D72E8,"SoundVs_SsVabClose"
0x800D7398,"Spu_SpuFree"
0x800D7418,"Spu_gcSPU"
0x800D7718,"SoundVs_SsVabOpenHead"
0x800D774C,"func_800D774C"
0x800D77B8,"Spu_SpuMalloc"
0x800D7A88,"SoundVs_SsVabOpenHeadSticky"
0x800D7ABC,"SoundVs_SsVabFakeHead"
0x800D7AF8,"SoundVs_SsVabOpenHeadWithMode"
0x800D7EE8,"SoundVs_SsVabTransBodyPartly"
0x800D8078,"Spu_SpuSetTransferStartAddr"
0x800D80D8,"Spu_SpuWritePartly"
0x800D8168,"SoundVs_SsVabTransCompleted"
0x800D8198,"Spu_SpuIsTransferCompleted"
0x800D8248,"EtcVid_VSync"
0x800D83C0,"func_800D83C0"
0x800D8458,"EtcIntr_ResetCallback"
0x800D8488,"EtcIntr_InterruptCallback"
0x800D84B8,"EtcIntr_DmaCallback"
0x800D84E8,"EtcIntr_VSyncCallback"
0x800D851C,"EtcIntr_VSyncCallbacks"
0x800D854C,"EtcIntr_StopCallback"
0x800D857C,"EtcIntr_RestartCallback"
0x800D85AC,"func_800D85AC"
0x800D85BC,"EtcIntr_GetIntrMask"
0x800D85D4,"EtcIntr_SetIntrMask"
0x800D85EC,"func_800D85EC"
0x800D86C4,"func_800D86C4"
0x800D8894,"func_800D8894"
0x800D89DC,"func_800D89DC"
0x800D8A7C,"func_800D8A7C"
0x800D8AF4,"func_800D8AF4"
0x800D8B18,"EtcIntr_StartIntrVSync"
0x800D8B70,"func_800D8B70"
0x800D8BDC,"func_800D8BDC"
0x800D8C08,"func_800D8C08"
0x800D8C38,"EtcIntr_StartIntrDma"
0x800D8C84,"func_800D8C84"
0x800D8E04,"func_800D8E04"
0x800D8EB0,"func_800D8EB0"
0x800D8ED8,"EtcVid_SetVideoMode"
0x800D8EEC,"EtcVid_GetVideoMode"
0x800D8F08,"CdDrive_StSetRing"
0x800D8F38,"CdDrive_CdInit"
0x800D8FC8,"CdDrive_CdInitInternal"
0x800D9004,"CdDrive_EventCallback_d9004"
0x800D902C,"CdDrive_EventCallback_d902c"
0x800D9054,"CdDrive_EventCallback_d9054"
0x800D9088,"CdDrive_CdPosToInt"
0x800D9108,"CdDrive_CdSearchFile"
0x800D93E0,"CdDrive_IsoCompareString4"
0x800D9400,"CdDrive_CdNewMedia"
0x800D96C4,"CdDrive_IsoInternal_d96c4"
0x800D9768,"CdDrive_CdCacheFile"
0x800D9A04,"CdDrive_IsoInternal_d9a04"
0x800D9A78,"CdDrive_CdRead2"
0x800D9AFC,"CdDrive_CdRead2_ReadyCallback"
0x800D9B28,"CdDrive_StClearRing"
0x800D9B88,"CdDrive_DataReadyCallback"
0x800D9C14,"CdDrive_StGetBackloc"
0x800D9C78,"CdDrive_StSetStream"
0x800D9D08,"CdDrive_StFreeRing"
0x800D9DB8,"CdDrive_InitRingStatus"
0x800D9DF8,"CdDrive_StGetNext"
0x800D9EB8,"CdDrive_StSetMask"
0x800D9ED8,"CdDrive_StCdInterrupt"
0x800DA7F4,"func_800DA7F4"
0x800DA820,"func_800DA820"
0x800DA9C8,"func_800DA9C8"
0x800DAF2C,"CdDrive_BiosCdSync"
0x800DB1AC,"CdDrive_BiosCdReady"
0x800DB474,"CdDrive_CDcw"
0x800DB880,"CdDrive_BiosCdVol"
0x800DB908,"CdDrive_BiosFlush"
0x800DB9DC,"CdDrive_BiosCdInitVol"
0x800DBACC,"CdDrive_BiosCdInitIntr"
0x800DBB18,"CdDrive_BiosCdInit"
0x800DBCF8,"CdDrive_BiosCdDatasync"
0x800DBE6C,"CdDrive_BiosInternal_dbe6c"
0x800DBF48,"CdDrive_CdIntToPos"
0x800DC058,"CdDrive_CdSetDebug"
0x800DC078,"CdDrive_CdSync"
0x800DC098,"CdDrive_CdReady"
0x800DC0B8,"CdDrive_CdReadyCallback"
0x800DC0D8,"CdDrive_CdControl"
0x800DC214,"CdDrive_CdControlF"
0x800DC348,"CdDrive_CdControlB"
0x800DC498,"CdDrive_CdMix"
0x800DC4B8,"CdDrive_CdGetSector"
0x800DC4D8,"CdDrive_CdGetSector_Internal"
0x800DC5D8,"CdDrive_CdGetSector2"
0x800DC5F8,"CdDrive_CdGetSector2_Internal"
0x800DC6E8,"CdDrive_CdDataCallback"
0x800DC718,"CdDrive_CdDataSync"
0x800DC738,"CdDrive_CdReadInternal_dc738"
0x800DC76C,"CdDrive_CdReadInternal_dc76c"
0x800DC9E0,"CdDrive_CdReadInternal_dc9e0"
0x800DCAB0,"CdDrive_CdReadInternal_dcab0"
0x800DCC98,"CdDrive_CdReadBreak"
0x800DCE38,"CdDrive_CdRead"
0x800DCFD4,"CdDrive_CdReadSync"
0x800DD0D8,"CdDrive_CdReadCallback"
0x800DD0E8,"CdDrive_CdReadMode"
0x800DD0F8,"CdDrive_CdReadInternal_dd0f8"
0x800DD108,"CdDrive_CdFlush"
0x800DD128,"CdDrive_CdSyncCallback"
0x800DD148,"func_800DD148"
0x800DD168,"func_800DD168"
0x800DD238,"func_800DD238"
0x800DD358,"func_800DD358"
0x800DD3F8,"func_800DD3F8"
0x800DD538,"GpuSys_ResetGraph"
0x800DD6AC,"GpuSys_SetGraphDebug"
0x800DD708,"GpuSys_SetGraphQueue"
0x800DD7AC,"func_800DD7AC"
0x800DD7BC,"GpuSys_DrawSyncCallback"
0x800DD81C,"GpuSys_SetDispMask"
0x800DD8B4,"GpuSys_DrawSync"
0x800DD91C,"func_800DD91C"
0x800DDA38,"GpuSys_ClearImage"
0x800DDAC8,"GpuSys_ClearImage2"
0x800DDB60,"GpuSys_LoadImage"
0x800DDBC0,"GpuSys_StoreImage"
0x800DDC20,"GpuSys_MoveImage"
0x800DDCD8,"GpuSys_ClearOTag"
0x800DDDA0,"GpuSys_ClearOTagR"
0x800DDE4C,"GpuSys_DrawPrim"
0x800DDEA8,"GpuSys_DrawOTag"
0x800DDF18,"GpuSys_PutDrawEnv"
0x800DDFD8,"GpuSys_DrawOTagEnv"
0x800DE0B0,"GpuSys_GetDrawEnv"
0x800DE0E4,"GpuSys_PutDispEnv"
0x800DE5DC,"GpuSys_GetDrawEnv"
0x800DE610,"GpuSys_GetODE"
0x800DE640,"GpuSys_SetDrawArea"
0x800DE6C0,"GpuSys_SetDrawOffset"
0x800DE700,"func_800DE700"
0x800DE8F8,"GpuSys_SetDrawEnv"
0x800DEB68,"func_800DEB68"
0x800DEB88,"func_800DEB88"
0x800DEC20,"func_800DEC20"
0x800DECB8,"func_800DECB8"
0x800DECD4,"func_800DECD4"
0x800DED54,"func_800DED54"
0x800DED6C,"func_800DED6C"
0x800DEE4C,"func_800DEE4C"
0x800DF07C,"func_800DF07C"
0x800DF2B8,"func_800DF2B8"
0x800DF538,"func_800DF538"
0x800DF554,"func_800DF554"
0x800DF594,"func_800DF594"
0x800DF5DC,"func_800DF5DC"
0x800DF60C,"func_800DF60C"
0x800DF630,"func_800DF630"
0x800DF8E0,"func_800DF8E0"
0x800DFB40,"func_800DFB40"
0x800DFC7C,"func_800DFC7C"
0x800DFDB8,"func_800DFDB8"
0x800DFDEC,"func_800DFDEC"
0x800DFF30,"func_800DFF30"
0x800DFFD0,"GpuSys_LoadImage2"
0x800E00BC,"GpuSys_StoreImage2"
0x800E01A8,"func_800E01A8"
0x800E02EC,"func_800E02EC"
0x800E03E8,"GpuSys_GPUResetCallback"
0x800E0410,"func_800E0410"
0x800E0438,"Gpu_SetDefDrawEnv"
0x800E04F8,"Gpu_SetDefDispEnv"
0x800E0538,"Gpu_GetTPage"
0x800E0578,"Gpu_AddPrim"
0x800E05B8,"Gpu_SetSemiTrans"
0x800E05E8,"Gpu_SetPolyG3"
0x800E0608,"Gpu_SetPolyF4"
0x800E0628,"Gpu_SetPolyFT4"
0x800E0648,"Gpu_SetPolyG4"
0x800E0668,"Gpu_SetSprt"
0x800E0688,"Gpu_SetTile"
0x800E06A8,"Press_DecDCTReset"
0x800E06DC,"func_800E06DC"
0x800E0768,"func_800E0768"
0x800E0800,"Press_DecDCTin"
0x800E087C,"Press_DecDCTout"
0x800E089C,"func_800E089C"
0x800E08D8,"func_800E08D8"
0x800E0920,"func_800E0920"
0x800E0944,"Press_DecDCToutCallback"
0x800E0968,"func_800E0968"
0x800E0A58,"func_800E0A58"
0x800E0AE8,"func_800E0AE8"
0x800E0B74,"func_800E0B74"
0x800E0C08,"func_800E0C08"
0x800E0C9C,"func_800E0C9C"
0x800E0CB4,"func_800E0CB4"
0x800E0D38,"func_800E0D38"
0x800E0D68,"Press_VLC_DecDCTvlc2"
0x800E10B8,"Press_Build_DecDCTv1cBuild"
0x800E11A8,"LibC_exit"
0x800E11C0,"LibC_puts"
0x800E11D8,"LibC_setjmp"
0x800E11E8,"LibC_strcat"
0x800E11F8,"LibC_strcmp"
0x800E1208,"LibC_strncmp"
0x800E1218,"LibC_strcpy"
0x800E1228,"LibC_strncpy"
0x800E1238,"LibC_bzero"
0x800E1248,"LibC_memcpy"
0x800E1258,"LibC_memset"
0x800E1268,"LibC_rand"
0x800E1278,"LibC_printf"
0x800E1288,"LibC_strncmp2"
0x800E12C8,"PsApi_InitHeap"
0x800E12D8,"PsApi_FlushCache"
0x800E12E8,"PsApi_GPU_cw"
0x800E12F8,"func_800E12F8"
0x800E1300,"PsApi_96_remove"
0x800E1318,"PsApi_DeliverEvent"
0x800E1328,"PsApi_OpenEvent"
0x800E1338,"PsApi_CloseEvent"
0x800E1348,"PsApi_WaitEvent"
0x800E1358,"PsApi_TestEvent"
0x800E1368,"PsApi_EnableEvent"
0x800E1378,"PsApi_DisableEvent"
0x800E1388,"PsApi_ReturnFromException"
0x800E1398,"PsApi_ResetEntryInt"
0x800E13A8,"PsApi_HookEntryInt"
0x800E13B8,"PsApi_EnterCriticalSection"
0x800E13C8,"PsApi_ExitCriticalSection"
0x800E13D8,"PsApi_open"
0x800E13E8,"PsApi_lseek"
0x800E13F8,"PsApi_read"
0x800E1408,"PsApi_write"
0x800E1418,"PsApi_close"
0x800E1428,"PsApi_nextfile"
0x800E1438,"PsApi_ChangeClearPAD"
0x800E1448,"PsApi_SysEnqIntRP"
0x800E1458,"PsApi_SysDeqIntRP"
0x800E1468,"PsApi_ChangeClearRCnt"
0x800E1478,"PsApi_Counter_SetRCnt"
0x800E1514,"PsApi_Counter_GetRCnt"
0x800E154C,"PsApi_Counter_StartRCnt"
0x800E157C,"PsApi_Counter_StopRCnt"
0x800E15B0,"PsApi_Counter_ResetRCnt"
0x800E15E8,"PsApi_First_firstfile"
0x800E1784,"func_800E1784"
0x800E1888,"PsApi_firstfile2"
0x800E1898,"func_800E1898"
0x800E18A4,"func_800E18A4"
0x800E18B4,"PsApi_PADInit"
0x800E1944,"PsApi_InitPAD"
0x800E19D4,"PsApi_StartPAD"
0x800E1A04,"func_800E1A04"
0x800E1A7C,"func_800E1A7C"
0x800E1B28,"PsApi_InitPAD2"
0x800E1B38,"PsApi_StartPAD2"
0x800E1B48,"PsApi_PADInit2"
0x800E1B58,"PsApi_Patch_EnablePAD"
0x800E1B6C,"PsApi_Patch_DisablePAD"
0x800E1B80,"PsApi_Patch_patchPad"
0x800E1BF8,"PsApi_ChclrPad_removeChgclrPAD"
0x800E1C68,"PCDebug_PCOpen"
0x800E1C88,"PCDebug_PCClose"
0x800E1C98,"PCDebug_PClSeek"
0x800E1CBC,"PCDebug_PCCreat"
0x800E1CDC,"PCDebug_PCRead"
0x800E1D98,"PCDebug_PCRead_Internal"
0x800E1DB0,"PCDebug_PCWrite"
0x800E1E6C,"PCDebug_PCWrite_Internal"
