#NAME	ADDRESS
Main_DummyFunc	8003961C
_entry	80039624
main	800396E0
_main_ResetGfx	80039D48
_main_80039F80	80039F80
_main_8003A230	8003A230
_main_8003A4E0	8003A4E0
_main_UNUSED_8003A568	8003A568
Main_8003A570	8003A570
Main_8003A788	8003A788
Main_8003AA00	8003AA00
Main_8003ADB8	8003ADB8
_main_8003ADE0	8003ADE0
Main_8003AE24	8003AE24
Main_8003AE90	8003AE90
Main_8003AED8	8003AED8
Pad_8003AF4C	8003AF4C
_pad_8003B5EC	8003B5EC
_pad_8003B8FC	8003B8FC
Pad_8003BBB4	8003BBB4
_pad_8003BC44	8003BC44
_pad_UNUSED_8003BCE0	8003BCE0
_pad_8003BD18	8003BD18
Pad_8003BDFC	8003BDFC
Pad_8003BE70	8003BE70
Pad_8003BF4C	8003BF4C
_pad_UNUSED_8003BFF4	8003BFF4
Pad_8003C06C	8003C06C
Pad_8003C0E4	8003C0E4
CdFiles_ClearLoadRequests	8003C1CC
CdFiles_8003C2BC	8003C2BC
CdFiles_RequestCdFile	8003C544
CdFiles_8003C664	8003C664
CdFiles_8003C790	8003C790
_cdfiles_8003C8E4	8003C8E4
_cdfiles_8003D208	8003D208
_cdFiles_MdecOutCallback	8003F9F0
_cdFiles_DecompressLZ77	8003FB0C
CdFiles_8003FDF8	8003FDF8
CdFiles_8003FE5C	8003FE5C
CdFiles_8003FEA0	8003FEA0
CdFiles_AllSlotsEmpty	8003FEC4
_cdfiles_UNUSED_8003FED4	8003FED4
CdFiles_RequestVoiceClip	8003FEF0
CdFiles_RequestMovie	8003FF24
_cdFiles_PCLoadFileData	80040010
_cdFiles_PCWriteFileData	80040108
_cdfiles_UNUSED_800401AC	800401AC
_cdFiles_GetPrefixedGamefileName	8004021C
_cdFiles_GetSuffixedGamefileName	800402C4
_cdfiles_80040348	80040348
_cdfiles_80040430	80040430
_cdfiles_800404B0	800404B0
_cdfiles_UNUSED_8004051C	8004051C
Audio_ResetAudio	800405A4
Audio_800407CC	800407CC
Audio_80040994	80040994
Audio_Callback_80040A90	80040A90
Audio_Callback_80040CFC	80040CFC
Audio_Callback_80040E50	80040E50
Audio_Callback_80040EEC	80040EEC
Audio_Callback_80041004	80041004
Audio_Callback_8004123C	8004123C
Audio_Callback_800413DC	800413DC
Audio_Callback_800416A8	800416A8
Audio_Callback_8004179C	8004179C
Audio_Callback_800418CC	800418CC
_audio_80041958	80041958
Audio_80041AF8	80041AF8
Audio_80041D98	80041D98
Audio_80041E90	80041E90
Audio_80041F74	80041F74
Audio_80041FC8	80041FC8
_audio_UNUSED_80041FDC	80041FDC
Audio_80042044	80042044
Audio_80042130	80042130
_audio_UNUSED_80042200	80042200
Audio_Callback_8004224C	8004224C
Audio_Callback_800422C0	800422C0
Audio_Callback_80042368	80042368
Audio_Callback_800423FC	800423FC
Audio_Callback_80042448	80042448
Audio_Callback_80042494	80042494
Audio_Callback_800424F8	800424F8
Audio_Callback_8004255C	8004255C
Audio_Callback_800425A8	800425A8
Audio_Callback_800425F4	800425F4
Audio_Callback_80042640	80042640
Audio_Callback_8004268C	8004268C
Audio_Callback_800426D8	800426D8
_audio_80042770	80042770
Audio_Callback_80042724	80042724
GfxA_800427E0	800427E0
GfxA_800428B4	800428B4
GfxA_800429C0	800429C0
GfxA_80042A54	80042A54
GfxA_80042F80	80042F80
GfxA_80043538	80043538
GfxA_800438C0	800438C0
GfxA_80043BAC	80043BAC
GfxA_80043E0C	80043E0C
GfxA_80044A78	80044A78
GfxA_800450E8	800450E8
GfxA_80045CF4	80045CF4
GfxA_80045DF4	80045DF4
GfxA_8004607C	8004607C
GfxA_80046498	80046498
_gfxa_80046650	80046650
GfxA_80046910	80046910
GfxA_80046F70	80046F70
GfxA_8004814C	8004814C
GfxA_80048220	80048220
GfxA_800482F4	800482F4
GfxA_800483C8	800483C8
GfxA_80048518	80048518
GfxA_800485F4	800485F4
_gfxa_UNUSED_800486C8	800486C8
_gfxa_UNUSED_80048780	80048780
_gfxa_UNUSED_800488E0	800488E0
GfxA_8004893C	8004893C
GfxA_80048B6C	80048B6C
GfxA_Callback_8004B614	8004B614
GfxA_Callback_8004B748	8004B748
GfxA_8004B828	8004B828
GfxA_8004BAF4	8004BAF4
_gfxa_8004BC54	8004BC54
_gfxa_8004BDBC	8004BDBC
_gfxa_8004BEB0	8004BEB0
_gfxa_8004C234	8004C234
_gfxa_800500F8	800500F8
GfxA_80051614	80051614
GfxA_80051880	80051880
GfxA_800519DC	800519DC
GfxDraw_loadSprite4Bit	80051C68
GfxA_80051E74	80051E74
GfxA_80051FA0	80051FA0
GfxA_80052100	80052100
_gfxa_80053130	80053130
_gfxa_UNUSED_80053324	80053324
GfxA_80053370	80053370
GfxA_800533FC	800533FC
GfxA_80053544	80053544
_gfxa_UNUSED_80053678	80053678
GfxA_800537C8	800537C8
GfxA_800538C0	800538C0
GfxA_80053904	80053904
GfxA_80053910	80053910
GfxA_80053A10	80053A10
_gfxa_UNUSED_80053AF8	80053AF8
GfxA_80053C04	80053C04
GfxA_80053CE0	80053CE0
GfxA_80053E18	80053E18
GfxA_80053E90	80053E90
GfxA_80053ED4	80053ED4
GfxDraw_SetCLUTSemitrans	80053F18
GfxA_80053FA8	80053FA8
GfxA_Callback_800540A4	800540A4
GfxA_Callback_800540E8	800540E8
GfxA_Callback_80054138	80054138
GfxA_Callback_80054170	80054170
GfxA_Callback_800541A4	800541A4
GfxA_Callback_800541DC	800541DC
GfxA_Callback_80054204	80054204
GfxA_Callback_80054278	80054278
GfxA_Callback_800542A8	800542A8
GfxA_Callback_800542D8	800542D8
GfxA_Callback_8005431C	8005431C
GfxA_Callback_8005434C	8005434C
GfxA_Callback_800543C0	800543C0
GfxA_Callback_8005446C	8005446C
GfxA_Callback_800544A0	800544A0
GfxA_Callback_800544D4	800544D4
GfxA_Callback_800544F8	800544F8
GfxA_Callback_80054528	80054528
GfxA_Callback_80054558	80054558
GfxA_Callback_80054560	80054560
_gfxa_UNUSED_80054598	80054598
_gfxa_UNUSED_8005461C	8005461C
_gfxa_UNUSED_80054668	80054668
_gfxa_800546AC	800546AC
_gfxa_80054714	80054714
_gfxa_800547D8	800547D8
_gfxa_800548B4	800548B4
GfxC_80054994	80054994
GfxC_Callback_80054AAC	80054AAC
GfxC_Callback_80054AF4	80054AF4
GfxC_Callback_80054AFC	80054AFC
GfxC_Callback_80054B04	80054B04
GfxC_Callback_80054B0C	80054B0C
GfxC_Callback_80054B14	80054B14
GfxC_Callback_80054B1C	80054B1C
GfxC_Callback_80054B24	80054B24
GfxC_Callback_80054B2C	80054B2C
GfxC_Callback_80054B34	80054B34
GfxC_Callback_80054B3C	80054B3C
GfxC_Callback_80054B44	80054B44
GfxC_Callback_80054B4C	80054B4C
GfxC_Callback_80054B54	80054B54
GfxC_Callback_80054B5C	80054B5C
GfxC_Callback_80054B64	80054B64
GfxC_Callback_80054B6C	80054B6C
GfxC_Callback_80054B74	80054B74
GfxC_Callback_80054B7C	80054B7C
GfxB_80054B84	80054B84
GfxB_800564D4	800564D4
GfxB_800568AC	800568AC
GfxDraw_loadSprite8Bit_Y256	80056C6C
GfxB_80056D88	80056D88
GfxDraw_renderSpritePolys_56fbc	80056FBC
GfxDraw_renderSpritePolys_573ec	800573EC
GfxB_80057834	80057834
GfxB_800578DC	800578DC
_gfxb_80057B0C	80057B0C
_gfxb_8005817C	8005817C
_gfxb_800589FC	800589FC
_gfxb_80059058	80059058
GfxB_8005A04C	8005A04C
GfxB_8005A3B4	8005A3B4
GfxB_8005A480	8005A480
GfxB_8005A4FC	8005A4FC
GfxB_8005A6E0	8005A6E0
GfxB_8005A76C	8005A76C
GfxB_8005A854	8005A854
GfxB_8005A98C	8005A98C
GfxB_8005AE90	8005AE90
GfxB_8005B054	8005B054
_gfxb_8005B200	8005B200
GfxB_8005B2B8	8005B2B8
GfxB_8005B3E4	8005B3E4
GfxB_8005B88C	8005B88C
GfxB_8005B9CC	8005B9CC
GfxB_8005BAD4	8005BAD4
GfxB_8005BC00	8005BC00
_gfxb_8005C3EC	8005C3EC
GfxB_8005D1DC	8005D1DC
GfxB_8005D53C	8005D53C
GfxB_8005D7A8	8005D7A8
GfxB_8005D8EC	8005D8EC
GfxB_8005DA30	8005DA30
_gfxb_8005DD8C	8005DD8C
GfxDraw_renderSpritePolys_5df54	8005DF54
GfxDraw_renderSpritePolys_5df98	8005DF98
_gfxb_UNUSED_8005DFDC	8005DFDC
GfxB_8005E028	8005E028
GfxB_8005E0D4	8005E0D4
GfxB_8005E188	8005E188
_gfxb_UNUSED_8005E23C	8005E23C
GfxB_8005E2A4	8005E2A4
GfxB_8005E350	8005E350
GfxB_8005E400	8005E400
GfxB_8005E4DC	8005E4DC
GfxB_8005E5B8	8005E5B8
GfxB_8005E6D0	8005E6D0
GfxB_8005E86C	8005E86C
C6A_8005F298	8005F298
_c6a_8005F45C	8005F45C
_c6a_8005FDD8	8005FDD8
C6A_8006050C	8006050C
C6A_80060784	80060784
C6A_8006089C	8006089C
C6A_800609B8	800609B8
C6A_80060A1C	80060A1C
C6A_80060ABC	80060ABC
C6A_80060B50	80060B50
C6A_80060BCC	80060BCC
C6A_80060C04	80060C04
C6A_80060C98	80060C98
C6A_80061038	80061038
C6A_800611A4	800611A4
C6A_80061338	80061338
C6A_800613E8	800613E8
C6C_800614D4	800614D4
_c6c_800630E8	800630E8
C6C_8006387C	8006387C
C6C_8006494C	8006494C
C6C_80064AC4	80064AC4
C6C_80064D08	80064D08
C6C_80065320	80065320
C6C_80066634	80066634
C6C_80066720	80066720
_c6c_80066854	80066854
C6C_80066920	80066920
C6C_8006699C	8006699C
_c6c_80066A08	80066A08
C6C_80066AAC	80066AAC
_c6c_80066B90	80066B90
_c6c_80066C3C	80066C3C
C6D_80066DA0	80066DA0
C6D_80069A88	80069A88
C6D_80069B98	80069B98
C6D_8006D348	8006D348
C6D_8006E0AC	8006E0AC
C6D_8006E8A0	8006E8A0
C6D_8006EB40	8006EB40
C6D_8006ED8C	8006ED8C
C6D_8006EFD8	8006EFD8
C6D_8006F28C	8006F28C
_c6d_8006F440	8006F440
C6D_8006F634	8006F634
C6D_8006F7B8	8006F7B8
C6D_80070004	80070004
_c6d_80070104	80070104
_c6d_80070138	80070138
C6D_80070F50	80070F50
C6D_80070F90	80070F90
C6D_80071034	80071034
C6D_80071080	80071080
_c6d_8007112C	8007112C
_c6d_UNUSED_800711A0	800711A0
_heap_AddAvailableMemory	800711A8
Heap_Malloc	800714A4
Heap_IncrAsNumber_ff722_715d4	800715D4
Heap_DecrAsNumber_ff722_71728	80071728
Heap_prng_seed_71874	80071874
_heap_prng_next10a530_71964	80071964
_heap_setfead8_feae0_71A14	80071A14
Heap_Reset	80071BD0
Heap_FreeMemory	80071C5C
_heap_SmallestFreeBlockIndex	80071C84
Heap_ClearAllFlags_ff722_71CD0	80071CD0
Heap_SetFlag_ff722_71cf8	80071CF8
Heap_ClearFlag_ff722_71d40	80071D40
Heap_XorFlag_ff722_71d88	80071D88
Heap_CheckFlag_ff722_71dd0	80071DD0
Heap_SetFlags_ff722_71e1c	80071E1C
Heap_CheckFlags_ff722_71edc	80071EDC
Heap_prng_71f64	80071F64
Heap_prng_71fbc	80071FBC
MCSave_WriteMCFileHead	80072064
MCSave_InitMCContext	80072404
MCSave_StartMemCard	80072438
MCSave_StopMemCard	8007246C
MCSave_8007248C	8007248C
MCSave_CalculateMCDataChecksum	80072548
MCSave_UpdateMCDataChecksum	8007259C
MCSave_ChecksumMCData	80072624
MCSave_800726A0	800726A0
MCSave_80072ABC	80072ABC
_mcsave_80072DDC	80072DDC
MCSave_800734A4	800734A4
MCSave_80073A58	80073A58
MCSave_80073C3C	80073C3C
MCSave_8007416C	8007416C
MCSave_80074258	80074258
_mcsave_800742E4	800742E4
MCSave_8007460C	8007460C
_mcsave_80074FD0	80074FD0
MCSave_800751F0	800751F0
MCSave_8007522C	8007522C
_mcsave_80075350	80075350
_mcsave_800761A0	800761A0
MCSave_800763D0	800763D0
MCSave_800764E8	800764E8
MCSave_800767DC	800767DC
MCSave_80076C90	80076C90
MCSave_80076DA0	80076DA0
MCSave_80076DCC	80076DCC
MCSave_80076E24	80076E24
MCSave_80076E70	80076E70
CBM_80076EF8	80076EF8
CBM_80077010	80077010
CBM_8007708C	8007708C
CBM_800770D4	800770D4
_cbm_UNUSED_8007713C	8007713C
CBM_Callback_80077158	80077158
CBM_Callback_800771E4	800771E4
CBM_Callback_800772F4	800772F4
_cbm_UNUSED_800773A0	800773A0
_cbm_UNUSED_800774D4	800774D4
CBM_Callback_800775A4	800775A4
CBM_Callback_800775AC	800775AC
CBM_Callback_800775DC	800775DC
CBM_Callback_8007761C	8007761C
CBM_Callback_8007769C	8007769C
CBM_Callback_8007772C	8007772C
CBM_Callback_80077734	80077734
CBM_Callback_80077794	80077794
CBM_Callback_800777FC	800777FC
CBM_Callback_80077860	80077860
CBM_Callback_8007789C	8007789C
CBM_Callback_800778C0	800778C0
CBM_Callback_80077BFC	80077BFC
MCCB_Callback_80077CD0	80077CD0
MCCB_Callback_80077E60	80077E60
MCCB_Callback_8007808C	8007808C
MCCB_Callback_800788AC	800788AC
MCCB_Callback_800797F0	800797F0
MCCB_Callback_80079C78	80079C78
MCCB_Callback_8007A154	8007A154
MCCB_Callback_8007AD64	8007AD64
MCCB_Callback_8007B2E8	8007B2E8
MCCB_Callback_8007BCE4	8007BCE4
MCCB_Callback_8007C2EC	8007C2EC
MCCB_Callback_8007C3F8	8007C3F8
MCCB_Callback_8007C868	8007C868
MCCB_Callback_8007CBE4	8007CBE4
MCCB_Callback_8007CCDC	8007CCDC
MCCB_8007CDD4	8007CDD4
MCCB_8007CE44	8007CE44
MCCB_8007CE8C	8007CE8C
MCCB_8007CEE8	8007CEE8
MCCB_8007CF74	8007CF74
MCCB_8007CFB4	8007CFB4
MCCB_8007CFD4	8007CFD4
MCCB_8007D004	8007D004
MCCB_8007D044	8007D044
MCCB_Callback_8007D084	8007D084
MCCB_Callback_8007D104	8007D104
_mccb_UNUSED_8007D16C	8007D16C
_mccb_UNUSED_8007D1C4	8007D1C4
MCCB_Callback_8007D1FC	8007D1FC
MCCB_Callback_8007D24C	8007D24C
MCCB_Callback_8007D280	8007D280
MCCB_Callback_8007D2B8	8007D2B8
MCCB_Callback_8007D2D8	8007D2D8
MCCB_Callback_8007D388	8007D388
MCCB_Callback_8007D400	8007D400
MCCB_Callback_8007D420	8007D420
MCCB_Callback_8007D478	8007D478
MCCB_Callback_8007D4D0	8007D4D0
MCCB_Callback_8007D4F4	8007D4F4
MCCB_Callback_8007D548	8007D548
MCCB_Callback_8007D568	8007D568
MCCB_Callback_8007D5C8	8007D5C8
MCCB_Callback_8007D5E8	8007D5E8
MCCB_Callback_8007D63C	8007D63C
MCCB_Callback_8007D690	8007D690
MCCB_Callback_8007D714	8007D714
MCCB_Callback_8007D774	8007D774
MCCB_Callback_8007D7B4	8007D7B4
MCCB_Callback_8007D7BC	8007D7BC
MCCB_Callback_8007D7C4	8007D7C4
MCCB_Callback_8007D7CC	8007D7CC
MCCB_Callback_8007D7D4	8007D7D4
MCCB_Callback_8007D85C	8007D85C
MCCB_Callback_8007D8BC	8007D8BC
MCCB_Callback_8007D910	8007D910
MCCB_Callback_8007D930	8007D930
MCCB_Callback_8007D994	8007D994
MCCB_Callback_8007D9D8	8007D9D8
MCCB_Callback_8007D9EC	8007D9EC
MCCB_Callback_8007DA0C	8007DA0C
MCCB_Callback_8007DA84	8007DA84
MCCB_Callback_8007DAE0	8007DAE0
MCCB_Callback_8007DB34	8007DB34
MCCB_Callback_8007DB94	8007DB94
MCCB_Callback_8007DC30	8007DC30
MCCB_Callback_8007DC38	8007DC38
MCCB_Callback_8007DC40	8007DC40
_mccb_UNUSED_8007DC48	8007DC48
C7A_8007DC94	8007DC94
C7A_8007E184	8007E184
_c7a_8007E298	8007E298
C7A_8007E678	8007E678
C7A_8007ECBC	8007ECBC
C7A_8007ED70	8007ED70
C7A_8007EDE8	8007EDE8
_c7a_UNUSED_8007EDF0	8007EDF0
_c7a_UNUSED_8007EDF8	8007EDF8
_c7a_UNUSED_8007EE00	8007EE00
C8A_Callback_8007EEB0	8007EEB0
C8A_Callback_8007F090	8007F090
C8A_Callback_8007F420	8007F420
C8A_Callback_8007F5E8	8007F5E8
C8A_Callback_8007FC68	8007FC68
C8A_Callback_800800B4	800800B4
C8A_Callback_800801F4	800801F4
C8A_Callback_80080294	80080294
C8A_Callback_800809DC	800809DC
C8A_Callback_80080F98	80080F98
C8A_Callback_80081508	80081508
C8A_Callback_80081614	80081614
C8A_Callback_800818C8	800818C8
C8A_Callback_80081E8C	80081E8C
C8A_Callback_80082158	80082158
C8A_Callback_800823F0	800823F0
C8A_Callback_80082538	80082538
C8A_Callback_8008268C	8008268C
C8A_Callback_80082E98	80082E98
C8A_Callback_80083124	80083124
C8A_Callback_800833E0	800833E0
C8A_Callback_80083BCC	80083BCC
C8A_Callback_80083CB8	80083CB8
C8A_Callback_80083D9C	80083D9C
C8A_Callback_80083E38	80083E38
C8A_Callback_80084318	80084318
C8A_Callback_80084514	80084514
C8A_Callback_80084898	80084898
C8A_Callback_800849BC	800849BC
C8A_Callback_80084AEC	80084AEC
C8A_Callback_80084BA0	80084BA0
C8A_80084E7C	80084E7C
C8A_80086B90	80086B90
C8A_80086BD0	80086BD0
C8A_80086C10	80086C10
C8A_Callback_80086C50	80086C50
C8A_Callback_80086D38	80086D38
C8A_Callback_80086DC4	80086DC4
C8A_Callback_80086CE4	80086CE4
C8A_Callback_80086E34	80086E34
C8A_Callback_80086E8C	80086E8C
C8A_Callback_80086EEC	80086EEC
C8A_Callback_80086F88	80086F88
C8A_Callback_80087078	80087078
C8A_Callback_800870AC	800870AC
C8A_Callback_800870B4	800870B4
C8A_Callback_800870BC	800870BC
C8A_Callback_800870C4	800870C4
C8A_Callback_800870CC	800870CC
C8A_Callback_80087100	80087100
C8A_Callback_80087140	80087140
C8A_Callback_800871C4	800871C4
C8A_Callback_8008724C	8008724C
C8A_Callback_80087330	80087330
C8A_Callback_800873C4	800873C4
C8A_Callback_800873CC	800873CC
C8A_Callback_800873D4	800873D4
C8A_Callback_800873DC	800873DC
C8A_Callback_800873E4	800873E4
C8A_Callback_800873EC	800873EC
C8A_Callback_800873F4	800873F4
C8A_Callback_80087470	80087470
C8A_Callback_80087548	80087548
C8A_Callback_80087570	80087570
C8A_Callback_800875CC	800875CC
C8A_Callback_80087628	80087628
C8A_Callback_80087630	80087630
C8A_Callback_80087638	80087638
C8A_Callback_80087640	80087640
C8A_Callback_80087648	80087648
C8A_Callback_80087650	80087650
C8A_Callback_800876BC	800876BC
C8A_Callback_8008771C	8008771C
C8A_Callback_8008776C	8008776C
C8A_Callback_8008778C	8008778C
C8A_Callback_800877CC	800877CC
C9A_Callback_800877D4	800877D4
_c9a_80087A2C	80087A2C
C9A_Callback_80087E7C	80087E7C
C9A_Callback_8008854C	8008854C
C9A_Callback_8008891C	8008891C
C9A_Callback_8008898C	8008898C
C9A_Callback_80088AA0	80088AA0
C9A_Callback_80088CD8	80088CD8
C9A_Callback_80088EA0	80088EA0
C9A_Callback_80089010	80089010
C9A_Callback_800892CC	800892CC
C9A_Callback_80089454	80089454
C9A_Callback_80089674	80089674
C9A_Callback_80089844	80089844
C9A_Callback_800899B0	800899B0
C9A_Callback_80089A68	80089A68
C9A_Callback_80089CB8	80089CB8
C9A_Callback_80089F9C	80089F9C
C9A_Callback_8008A0FC	8008A0FC
C9A_Callback_8008A2A8	8008A2A8
UIGfx_LoadFaceToVmem	8008A50C
C9A_Callback_8008A850	8008A850
C9A_Callback_8008AC84	8008AC84
C9A_Callback_8008B3CC	8008B3CC
C9A_Callback_8008B4B8	8008B4B8
C9A_Callback_8008B78C	8008B78C
C9A_Callback_8008B860	8008B860
C9A_Callback_8008B970	8008B970
C9A_Callback_8008BBEC	8008BBEC
C9A_Callback_8008BCB0	8008BCB0
C9A_Callback_8008C350	8008C350
C9A_Callback_8008C814	8008C814
C9A_Callback_8008D06C	8008D06C
C9A_Callback_8008D31C	8008D31C
C9A_Callback_8008D5EC	8008D5EC
C9A_Callback_8008D8A8	8008D8A8
C9A_Callback_8008DB50	8008DB50
C9A_Callback_8008DE9C	8008DE9C
C9A_Callback_8008E344	8008E344
C9A_Callback_8008EA18	8008EA18
C9A_Callback_8008EEA4	8008EEA4
C9A_Callback_8008F978	8008F978
C9A_Callback_8008FAF8	8008FAF8
C9A_Callback_8008FC58	8008FC58
C9A_Callback_8009001C	8009001C
C9A_Callback_800905C0	800905C0
C9A_Callback_8009078C	8009078C
C9A_Callback_80090AAC	80090AAC
C9A_Callback_80091254	80091254
C9A_Callback_800913F8	800913F8
C9A_Callback_800915B4	800915B4
C9A_Callback_80091870	80091870
C9A_Callback_80091A28	80091A28
C9A_Callback_80091B0C	80091B0C
C9A_Callback_80091CE4	80091CE4
C9A_Callback_80091DA4	80091DA4
C9A_Callback_80091FAC	80091FAC
C9A_Callback_80092108	80092108
C9A_Callback_80092304	80092304
C9A_Callback_800923CC	800923CC
C9A_80092478	80092478
C9A_800924B8	800924B8
C9A_800924F8	800924F8
C9A_80092538	80092538
C9A_80092578	80092578
C9A_800925B8	800925B8
C9A_800925F8	800925F8
C9A_80092638	80092638
C9A_80092678	80092678
C9A_800926B8	800926B8
C9A_Callback_800926F8	800926F8
C9A_Callback_80092738	80092738
C9A_Callback_8009280C	8009280C
C9A_Callback_800928F4	800928F4
C9A_Callback_80092914	80092914
C9A_Callback_80092930	80092930
C9A_Callback_800929DC	800929DC
C9A_Callback_80092A28	80092A28
C9A_Callback_80092A44	80092A44
C9A_Callback_80092A4C	80092A4C
C9A_Callback_80092AA0	80092AA0
C9A_Callback_80092AE0	80092AE0
C9A_Callback_80092B80	80092B80
C9A_Callback_80092BEC	80092BEC
C9A_Callback_80092C4C	80092C4C
C9A_Callback_80092CB8	80092CB8
C9A_Callback_80092D30	80092D30
C9A_Callback_80092D50	80092D50
C9A_Callback_80092DF8	80092DF8
C9A_Callback_80092E00	80092E00
C9A_Callback_80092E74	80092E74
C9A_Callback_80092EA8	80092EA8
C9A_Callback_80092F18	80092F18
C9A_Callback_80092FCC	80092FCC
C9A_Callback_8009304C	8009304C
C9A_Callback_80093074	80093074
C9A_Callback_80093130	80093130
C9A_Callback_800931EC	800931EC
C9A_Callback_8009320C	8009320C
C9A_Callback_800932E4	800932E4
C9A_Callback_8009335C	8009335C
C9A_Callback_800933E4	800933E4
C9A_8009345C	8009345C
C9A_800935C0	800935C0
CAA_Callback_8009375C	8009375C
CAA_Callback_8009397C	8009397C
CAA_Callback_8009403C	8009403C
CAA_Callback_800947E8	800947E8
CAA_Callback_80094958	80094958
CAA_Callback_80094A5C	80094A5C
CAA_Callback_80095848	80095848
CAA_Callback_80095EE0	80095EE0
CAA_Callback_80096054	80096054
CAA_Callback_80096350	80096350
CAA_Callback_80096954	80096954
CAA_Callback_80096B48	80096B48
CAA_Callback_800971B0	800971B0
CAA_Callback_800975D8	800975D8
CAA_Callback_800976A4	800976A4
CAA_Callback_80097AB0	80097AB0
CAA_Callback_80097E7C	80097E7C
CAA_Callback_80098188	80098188
CAA_Callback_80098290	80098290
CAA_Callback_8009832C	8009832C
CAA_Callback_8009A000	8009A000
CAA_Callback_8009A874	8009A874
CAA_Callback_8009AB98	8009AB98
CAA_Callback_8009B140	8009B140
CAA_Callback_8009CD18	8009CD18
CAA_Callback_8009CF94	8009CF94
CAA_Callback_8009D6A8	8009D6A8
CAA_Callback_8009D874	8009D874
CAA_Callback_8009D90C	8009D90C
CAA_Callback_8009DA60	8009DA60
CAA_Callback_8009DC08	8009DC08
CAA_Callback_8009E1D4	8009E1D4
CAA_Callback_8009E810	8009E810
CAA_Callback_8009EB28	8009EB28
CAA_Callback_8009EDB4	8009EDB4
CAA_Callback_8009EF60	8009EF60
CAA_Callback_8009F0F0	8009F0F0
CAA_Callback_8009FA44	8009FA44
CAA_Callback_8009FC34	8009FC34
CAA_Callback_8009FEF8	8009FEF8
CAA_Callback_800A0244	800A0244
CAA_Callback_800A03A0	800A03A0
CAA_Callback_800A0518	800A0518
CAA_Callback_800A0754	800A0754
CAA_Callback_800A09F8	800A09F8
CAA_Callback_800A0C4C	800A0C4C
CAA_Callback_800A1098	800A1098
CAA_Callback_800A11D0	800A11D0
CAA_Callback_800A141C	800A141C
CAA_Callback_800A1560	800A1560
CAA_Callback_800A1DB8	800A1DB8
CAA_Callback_800A26A8	800A26A8
CAA_Callback_800A298C	800A298C
CAA_Callback_800A2CBC	800A2CBC
CAA_Callback_800A2FD8	800A2FD8
CAA_Callback_800A3234	800A3234
CAA_Callback_800A34F0	800A34F0
CAA_Callback_800A377C	800A377C
CAA_Callback_800A3DE8	800A3DE8
CAA_Callback_800A3EAC	800A3EAC
CAA_Callback_800A3FC8	800A3FC8
CAA_Callback_800A4304	800A4304
CAA_Callback_800A44D8	800A44D8
CAA_Callback_800A49C8	800A49C8
CAA_800A4CF8	800A4CF8
_caa_800A5084	800A5084
_caa_800A5480	800A5480
_caa_800A5520	800A5520
_caa_800A56C8	800A56C8
CAA_Callback_800A584C	800A584C
CAA_Callback_800A59F0	800A59F0
CAA_Callback_800A709C	800A709C
CAA_Callback_800A72E8	800A72E8
CAA_Callback_800A77C8	800A77C8
CAA_Callback_800A78EC	800A78EC
CAA_Callback_800A7BA0	800A7BA0
CAA_Callback_800A7CB0	800A7CB0
CAA_Callback_800A7E04	800A7E04
CAA_Callback_800A7FCC	800A7FCC
CAA_Callback_800A812C	800A812C
CAA_Callback_800A826C	800A826C
CAA_Callback_800A926C	800A926C
CAA_Callback_800A9390	800A9390
CAA_Callback_800A96F0	800A96F0
CAA_Callback_800A9A34	800A9A34
CAA_Callback_800A9B24	800A9B24
CAA_Callback_800A9C1C	800A9C1C
CAA_Callback_800A9CC0	800A9CC0
CAA_Callback_800AA6A4	800AA6A4
CAA_Callback_800AA78C	800AA78C
CAA_Callback_800AA9D8	800AA9D8
CAA_Callback_800AAAA4	800AAAA4
CAA_Callback_800AAB84	800AAB84
CAA_800AAD18	800AAD18
CAA_800AAEA0	800AAEA0
CAA_800AAF80	800AAF80
CAA_800AAFC0	800AAFC0
CAA_800AB000	800AB000
CAA_800AB040	800AB040
CAA_800AB0A4	800AB0A4
CAA_Callback_800AB12C	800AB12C
CAA_Callback_800AB188	800AB188
CAA_Callback_800AB208	800AB208
CAA_Callback_800AB258	800AB258
CAA_Callback_800AB33C	800AB33C
CAA_Callback_800AB35C	800AB35C
CAA_Callback_800AB388	800AB388
CAA_Callback_800AB3E8	800AB3E8
CAA_Callback_800AB3F0	800AB3F0
CAA_Callback_800AB410	800AB410
CAA_Callback_800AB494	800AB494
CAA_Callback_800AB4EC	800AB4EC
CAA_Callback_800AB580	800AB580
CAA_Callback_800AB600	800AB600
CAA_Callback_800AB69C	800AB69C
CAA_Callback_800AB784	800AB784
CAA_Callback_800AB854	800AB854
CAA_Callback_800AB85C	800AB85C
CAA_Callback_800AB8A4	800AB8A4
CAA_Callback_800AB90C	800AB90C
CAA_Callback_800AB9AC	800AB9AC
CAA_Callback_800ABA50	800ABA50
CAA_Callback_800ABAB4	800ABAB4
CAA_Callback_800ABAE0	800ABAE0
CAA_Callback_800ABB78	800ABB78
CAA_Callback_800ABBDC	800ABBDC
CAA_Callback_800ABBE4	800ABBE4
CAA_Callback_800ABBEC	800ABBEC
CAA_Callback_800ABBF4	800ABBF4
CAA_Callback_800ABBFC	800ABBFC
CAA_Callback_800ABC04	800ABC04
CAA_Callback_800ABC0C	800ABC0C
CAA_Callback_800ABC14	800ABC14
CAA_Callback_800ABC1C	800ABC1C
CAA_Callback_800ABC6C	800ABC6C
CAA_Callback_800ABC74	800ABC74
CAA_Callback_800ABCE0	800ABCE0
CAA_Callback_800ABD30	800ABD30
CAA_Callback_800ABDAC	800ABDAC
CAA_Callback_800ABDB4	800ABDB4
CAA_Callback_800ABE04	800ABE04
CAA_Callback_800ABE74	800ABE74
CAA_Callback_800ABF00	800ABF00
CAA_Callback_800ABF68	800ABF68
CAA_Callback_800ABFBC	800ABFBC
CAA_Callback_800AC028	800AC028
CAA_Callback_800AC030	800AC030
CAA_Callback_800AC038	800AC038
CAA_800AC040	800AC040
CAA_800AC1DC	800AC1DC
_caa_800AC2B8	800AC2B8
CAA_800AC720	800AC720
CAA_800ADFB0	800ADFB0
CAA_800AE480	800AE480
CAB_800AE794	800AE794
CAB_800AEA50	800AEA50
CAB_800AEAFC	800AEAFC
CAB_800AEB54	800AEB54
CAB_800AEBC8	800AEBC8
CAB_800AF414	800AF414
CAB_800AF528	800AF528
CAB_800AFAF4	800AFAF4
CAB_800AFB88	800AFB88
CAD_800AFF58	800AFF58
CAD_800B0020	800B0020
CAD_800B0040	800B0040
CAD_800B0048	800B0048
CAD_800B010C	800B010C
CAD_800B0114	800B0114
_cad_UNUSED_800B011C	800B011C
_cad_UNUSED_800B0124	800B0124
_cad_UNUSED_800B012C	800B012C
CAD_800B0134	800B0134
CAD_800B0228	800B0228
CAD_800B02F4	800B02F4
CAD_800B03EC	800B03EC
CAC_800B04AC	800B04AC
CAC_800B0598	800B0598
CAC_800B0730	800B0730
CAC_800B07B8	800B07B8
CAC_800B0840	800B0840
CAC_800B08E0	800B08E0
CAC_800B0908	800B0908
CAC_800B0924	800B0924
CAC_800B09E0	800B09E0
_cac_UNUSED_800B0B1C	800B0B1C
CAC_800B0C38	800B0C38
CAC_800B0D40	800B0D40
CAC_800B0E24	800B0E24
CAC_800B1740	800B1740
CAC_800B1A6C	800B1A6C
CAC_800B2528	800B2528
CAC_800B25F8	800B25F8
CBA_Callback_800B28A4	800B28A4
CBA_Callback_800B29A0	800B29A0
CBA_Callback_800B2A98	800B2A98
CBA_Callback_800B2B60	800B2B60
CBA_Callback_800B2D44	800B2D44
CBA_Callback_800B2E78	800B2E78
CBA_Callback_800B2F90	800B2F90
CBA_Callback_800B301C	800B301C
CBA_Callback_800B30CC	800B30CC
CBA_Callback_800B318C	800B318C
CBA_Callback_800B3274	800B3274
CBA_Callback_800B33D8	800B33D8
CBA_Callback_800B3504	800B3504
CBA_Callback_800B38A4	800B38A4
CBA_Callback_800B3A0C	800B3A0C
CBA_Callback_800B3B94	800B3B94
CBA_Callback_800B3C7C	800B3C7C
CBA_Callback_800B3D44	800B3D44
CBA_Callback_800B3ED4	800B3ED4
CBA_Callback_800B3F84	800B3F84
CBA_Callback_800B40D0	800B40D0
CBA_Callback_800B424C	800B424C
CBA_Callback_800B4790	800B4790
CBA_800B4898	800B4898
CBA_800B493C	800B493C
CBA_800B4974	800B4974
CBA_800B4A38	800B4A38
CBA_800B4A70	800B4A70
CBA_800B4A78	800B4A78
CBA_800B4AB8	800B4AB8
CBA_Callback_800B4AF8	800B4AF8
CBA_Callback_800B4B84	800B4B84
CBA_Callback_800B4BD0	800B4BD0
CBA_Callback_800B4C58	800B4C58
CBA_Callback_800B4D0C	800B4D0C
CBA_Callback_800B4D8C	800B4D8C
CBA_Callback_800B4E10	800B4E10
CBA_Callback_800B4E54	800B4E54
CBA_Callback_800B4E98	800B4E98
CBA_Callback_800B4F54	800B4F54
CBA_Callback_800B4F94	800B4F94
CBA_Callback_800B4FF8	800B4FF8
CBA_Callback_800B505C	800B505C
CBA_Callback_800B5104	800B5104
CBA_Callback_800B5114	800B5114
CBA_Callback_800B51C0	800B51C0
CBA_Callback_800B520C	800B520C
CBA_Callback_800B528C	800B528C
CBA_Callback_800B530C	800B530C
CBA_Callback_800B5348	800B5348
CBA_Callback_800B53E0	800B53E0
CBA_Callback_800B5474	800B5474
CBB_Callback_800B54B4	800B54B4
CBB_Callback_800B5EE0	800B5EE0
CBB_Callback_800B60BC	800B60BC
CBB_Callback_800B645C	800B645C
CBB_Callback_800B69DC	800B69DC
CBB_Callback_800B6FE0	800B6FE0
CBB_Callback_800B7164	800B7164
CBB_Callback_800B7264	800B7264
CBB_Callback_800B74B8	800B74B8
CBB_Callback_800B7FE0	800B7FE0
CBB_Callback_800B8DC4	800B8DC4
CBB_Callback_800B8F2C	800B8F2C
CBB_Callback_800B9058	800B9058
CBB_Callback_800B957C	800B957C
CBB_Callback_800B973C	800B973C
CBB_Callback_800B9BB8	800B9BB8
CBB_Callback_800B9E94	800B9E94
CBB_Callback_800BA160	800BA160
CBB_Callback_800BA3C0	800BA3C0
CBB_Callback_800BA53C	800BA53C
CBB_Callback_800BA688	800BA688
CBB_Callback_800BA838	800BA838
CBB_Callback_800BAA00	800BAA00
CBB_Callback_800BAC98	800BAC98
CBB_Callback_800BAE68	800BAE68
CBB_Callback_800BAFA0	800BAFA0
CBB_Callback_800BB130	800BB130
CBB_Callback_800BB364	800BB364
CBB_Callback_800BB4F8	800BB4F8
CBB_Callback_800BB718	800BB718
CBB_Callback_800BB888	800BB888
CBB_Callback_800BB99C	800BB99C
CBB_Callback_800BC118	800BC118
CBB_Callback_800BC250	800BC250
CBB_Callback_800BC53C	800BC53C
CBB_800BC638	800BC638
CBB_800BC720	800BC720
CBB_800BC808	800BC808
CBB_800BC8AC	800BC8AC
CBB_800BCE70	800BCE70
CBB_800BD3C4	800BD3C4
CBB_800BD494	800BD494
CBB_800BD5C0	800BD5C0
CBB_800BD600	800BD600
CBB_800BD610	800BD610
CBB_800BD640	800BD640
CBB_800BD65C	800BD65C
CBB_800BD684	800BD684
CBB_Callback_800BD68C	800BD68C
CBB_Callback_800BD700	800BD700
CBB_Callback_800BD790	800BD790
CBB_Callback_800BD7CC	800BD7CC
CBB_Callback_800BD840	800BD840
CBB_Callback_800BD860	800BD860
CBB_Callback_800BD894	800BD894
CBB_Callback_800BD8AC	800BD8AC
CBB_Callback_800BD934	800BD934
CBB_Callback_800BD960	800BD960
CBB_Callback_800BD98C	800BD98C
CBB_Callback_800BDA48	800BDA48
CBB_Callback_800BDA8C	800BDA8C
CCA_800BDAF8	800BDAF8
CCA_Callback_800BE0F0	800BE0F0
CCA_Callback_800BE31C	800BE31C
CCA_Callback_800BE458	800BE458
CCA_Callback_800BE5C8	800BE5C8
CCA_Callback_800BE7A8	800BE7A8
CCA_Callback_800BE8D8	800BE8D8
CCA_800BEA78	800BEA78
CCA_Callback_800BEB84	800BEB84
CCA_Callback_800BECEC	800BECEC
CCA_Callback_800BEE98	800BEE98
CCA_Callback_800BEFD8	800BEFD8
CCA_Callback_800BF0E0	800BF0E0
CCA_Callback_800BF1AC	800BF1AC
CCA_Callback_800BF3C0	800BF3C0
CCA_Callback_800BF4C4	800BF4C4
CCA_800BF6D8	800BF6D8
CCA_800BF790	800BF790
CCA_800BF9B8	800BF9B8
CCA_800BFB08	800BFB08
CCA_800BFD40	800BFD40
CCA_Callback_800BFDD0	800BFDD0
CCA_Callback_800BFEB0	800BFEB0
CCA_Callback_800BFFCC	800BFFCC
CCA_800C006C	800C006C
CCA_800C024C	800C024C
CCA_800C027C	800C027C
CCA_800C02BC	800C02BC
CCA_800C02FC	800C02FC
CCA_800C033C	800C033C
CCA_800C0370	800C0370
CCA_800C03C4	800C03C4
CCA_800C0404	800C0404
CCA_Callback_800C0444	800C0444
CCA_Callback_800C04CC	800C04CC
CCA_Callback_800C04D4	800C04D4
CCA_Callback_800C0580	800C0580
CCA_Callback_800C0600	800C0600
CCA_Callback_800C0628	800C0628
CCA_Callback_800C0630	800C0630
CCA_Callback_800C0660	800C0660
CCA_Callback_800C06AC	800C06AC
CCA_Callback_800C06EC	800C06EC
CCA_Callback_800C0744	800C0744
CCA_Callback_800C0790	800C0790
CCA_Callback_800C07E4	800C07E4
CCA_Callback_800C0840	800C0840
CCA_Callback_800C08D0	800C08D0
CCA_Callback_800C0910	800C0910
CCA_Callback_800C0950	800C0950
CCA_Callback_800C09F0	800C09F0
CCA_Callback_800C0A74	800C0A74
CCA_Callback_800C0AF8	800C0AF8
CCB_800C0B5C	800C0B5C
CCB_800C1468	800C1468
CCB_800C197C	800C197C
_ccb_800C1A34	800C1A34
_ccb_800C1D68	800C1D68
CCB_800C20EC	800C20EC
CCB_800C2670	800C2670
CCB_800C29D8	800C29D8
CCB_800C2C30	800C2C30
_ccb_UNUSED_800C2C7C	800C2C7C
CCB_Callback_800C2CC4	800C2CC4
CCB_Callback_800C2CD8	800C2CD8
CCB_Callback_800C2CEC	800C2CEC
CCB_Callback_800C2D00	800C2D00
CCB_Callback_800C2D14	800C2D14
CCB_Callback_800C2D28	800C2D28
CCC_Callback_800C2D44	800C2D44
CCC_Callback_800C314C	800C314C
CCC_Callback_800C4418	800C4418
CCC_Callback_800C44B4	800C44B4
CCC_800C45E0	800C45E0
CCC_800C4620	800C4620
CCC_Callback_800C4660	800C4660
CCC_Callback_800C4668	800C4668
CCD_800C4688	800C4688
CCD_800C4690	800C4690
CCD_800C4698	800C4698
CCD_800C46A0	800C46A0
CCD_800C46A8	800C46A8
CCD_800C46B0	800C46B0
CCD_800C46B8	800C46B8
CCD_800C46C0	800C46C0
CCD_800C46C8	800C46C8
CCD_800C46D0	800C46D0
Math__fixdfsi	800C46D8
Math_dbl_shift	800C47D8
Math__fixunsdfsi	800C4898
Math__floatsidf	800C4998
Math_dbl_shift_us	800C4AB8
Math__floatsisf	800C4B78
Math__lesf2	800C4C48
Math_err_math	800C4CF8
Math_sqrt	800C4D68
Math__adddf3	800C4EA8
Math_add_mant_d	800C5228
Math__divdf3	800C52D8
Math_comp_mant	800C55B8
Math__gtdf2	800C5608
Math__ltdf2	800C56E8
Math_mainasu	800C57C8
Math__muldf3	800C5838
Math_mul_mant_d	800C5B4C
PadCmd_PadSetAct	800C5C38
PadCmd_PadSetActAlign	800C5C78
_padcmd_800C5CF4	800C5CF4
_padcmd_800C5D1C	800C5D1C
PadCmd_PadSetMainMode	800C5DE8
_padcmd_800C5E84	800C5E84
_padcmd_800C5EDC	800C5EDC
PadEntry_PadGetState	800C5F48
PadEntry_PadInfoMode	800C6018
PadCom_PadStartCom	800C6118
PadCom_PadStopCom	800C61E4
PadDir_PadInitDirect	800C6228
PadDir_padInitDirPort	800C62D8
_pad_dir_cb_800C63C8	800C63C8
_pad_dir_cb_800C6430	800C6430
_pad_dir_cb_800C6524	800C6524
_pad_dir_cb_800C6534	800C6534
_pad_dir_cb_800C65F0	800C65F0
_pad_dir_cb_800C686C	800C686C
_pad_dir_cb_800C688C	800C688C
_pad_dir_cb_800C699C	800C699C
PadDir_dirFailAuto	800C6C08
_pad_dir_cb_800C6CE8	800C6CE8
PadRes_padIsVsync	800C6D18
PadRes_padIntPad	800C6D80
PadRes_padInitSioMode	800C6F10
_pad_res_800C7244	800C7244
PadRes_padSioRW	800C7334
PadRes_padSioRW2	800C7558
PadRes_padClrIntSio0	800C77D4
PadRes_padWaitRXready	800C7864
PadRes_padSetCmd	800C788C
PadRes_padSendAtLoadInfo	800C789C
PadRes_padRecvAtLoadInfo	800C7920
PadRes_padGetActSize	800C7B90
PadRes_padLoadActInfo	800C7BC8
_pad_res_cb_800C7C9C	800C7C9C
_pad_res_cb_800C7D44	800C7D44
PadRes_padCmdParaMode	800C813C
_pad_res_800C815C	800C815C
_pad_res_800C8170	800C8170
_pad_res_800C8190	800C8190
_pad_res_800C81B0	800C81B0
_pad_res_800C81D0	800C81D0
PadRes_padSetRC2wait	800C81E4
PadRes_padChkRC2wait	800C8204
_pad_res_cb_800C82A4	800C82A4
_pad_res_cb_800C82EC	800C82EC
_pad_res_cb_800C83C4	800C83C4
_pad_res_cb_800C8470	800C8470
_pad_res_cb_800C858C	800C858C
Mcrd_MemCardInit	800C8B88
Mcrd_MemCardEnd	800C8BB8
Card_bu_init	800C8BD8
Card_InitCARD	800C8BE8
Card_StartCARD	800C8C78
Card_StopCARD	800C8CC0
Card_InitCARD2	800C8CE8
Card_StartCARD2	800C8CF8
Card_StopCARD2	800C8D08
Card_patch_card_info	800C8D18
_card_patch_800C8D5C	800C8D5C
_card_patch_800C8D88	800C8D88
Card_patch_card	800C8DF4
Card_patch_card2	800C8E88
Card_copy_memcard_patch	800C8EF8
Card_ExitCard	800C8F38
Mcrd_PushCallbackFunc	800C8FB8
Mcrd_PullCallbackFunc	800C8FE0
Mcrd_McrdGetGlobalStructure	800C9008
Mcrd_MemCardStart	800C9014
Mcrd_MemCardStop	800C9084
Mcrd_MemCardExist	800C90C4
_mcrd_800C912C	800C912C
Mcrd_MemCardAccept	800C9448
_mcrd_800C94B0	800C94B0
Mcrd_MemCardOpen	800C9758
Mcrd_MemCardClose	800C98E0
Mcrd_MemCardReadData	800C9924
_mcrd_800C99DC	800C99DC
Mcrd_MemCardWriteData	800C9B8C
_mcrd_800C9C44	800C9C44
Mcrd_MemCardReadFile	800C9DF0
_mcrd_800C9F08	800C9F08
Mcrd_MemCardWriteFile	800CA010
_mcrd_800CA128	800CA128
Mcrd_MemCardGetDirentry	800CA230
Mcrd_MemCardCallback	800CA48C
Mcrd_MemCardSync	800CA4A0
Mcrd_MemCardCreateFile	800CA5BC
Mcrd_MemCardFormat	800CA6B8
_mcrd_800CA72C	800CA72C
_mcrd_800CA780	800CA780
_mcrd_loadMCPathStem	800CA82C
Card_card_info	800CA888
Card_card_load	800CA898
Card_card_clear	800CA8A8
Card_card_write	800CA8E8
Card_new_card	800CA8F8
Mcrd_UserFuncInit	800CA908
Mcrd_UserFuncOpen	800CA918
Mcrd_UserFuncExecute	800CA994
Mcrd_UserFuncComplete	800CAA00
Mcrd_funcEvSpIOE	800CAA18
Mcrd_funcEvSpError	800CAA2C
Mcrd_funcEvSpTimeout	800CAA40
Mcrd_funcEvSpNewcard	800CAA54
Mcrd_funcEvSpIOEx	800CAA68
Mcrd_funcEvSpErrorx	800CAA7C
Mcrd_funcEvSpTimeoutx	800CAA90
Mcrd_funcEvSpNewcardx	800CAAA4
Mcrd_card_open	800CAAB8
Mcrd_card_start	800CAAE8
Mcrd_card_close	800CACC4
Mcrd_card_stop	800CACE4
Mcrd_clr_card_event	800CAD98
Mcrd_get_card_event	800CAEA0
Mcrd_get_card_event_x	800CAF78
Mcrd_chk_card_event	800CB050
Mcrd_chk_card_event_x	800CB08C
Mcrd_card_format2	800CB0C8
Mcrd_card_create2	800CB498
Card_card_read	800CBB58
Mcrd_MemCardUnformat	800CBB68
Spu_SpuClearReverbWorkArea	800CBC18
Spu_spu_init	800CBDB8
Spu_spu_FiDMA	800CC038
_spu_800CC1F8	800CC1F8
Spu_spu_Fr_	800CC2B4
Spu_spu_t	800CC35C
Spu_spu_Fw	800CC5DC
Spu_spu_Fr	800CC660
Spu_spu_FsetRXX	800CC6C4
Spu_spu_FsetRXXa	800CC708
Spu_spu_FgetRXXa	800CC7AC
Spu_spu_FsetPCR	800CC7E8
_spu_800CC840	800CC840
_spu_800CC868	800CC868
Spu_spu_Fw1ts	800CC890
Spu_SpuInit	800CC8F8
Spu_SpuStart	800CC9E0
Spu_SpuDataCallback	800CCA58
Spu_SpuIsInAllocateArea	800CCA88
Spu_SpuIsInAllocateArea_	800CCB08
Spu_SpuSetTransferMode	800CCB98
Spu_SpuSetCommonCDVolume	800CCBC8
Spu_SpuSetCommonCDMix	800CCBE8
SoundSs_SsSndSetAccele	800CCC28
SoundSs_SsSeqSetAccelerando	800CCE04
SoundSs_SsSepSetAccelerando	800CCE38
SoundSs_SsSeqCalledTbyT	800CCE68
SoundSs_SsSndCrescendo	800CD0D8
SoundSs_SsSndPause	800CD2E8
SoundSs_SsSndPlay	800CD388
SoundMidi_SsSeqPlay	800CD3B8
SoundMidi_SsSeqGetEof	800CD4B4
SoundMidi_SsGetSeqData	800CD6F8
SoundMidi_SsReadDeltaValue	800CDAA8
SoundSs_SsSndNextSep	800CDB58
SoundSs_SsSndReplay	800CDC58
_snd_ssclose_800CDCB8	800CDCB8
SoundSs_SsSeqClose	800CDE34
SoundSs_SsSepClose	800CDE58
SoundSs_SsSndSetCres	800CDE88
SoundSs_SsSeqSetCrescendo	800CDF28
SoundSs_SsSepSetCrescendo	800CDFA4
SoundSs_SsSndSetDecres	800CE048
SoundSs_SsSeqSetDecrescendo	800CE0EC
SoundSs_SsSepSetDecrescendo	800CE16C
SoundSs_SsEnd	800CE218
SoundSs_SsInitInternal	800CE2C8
SoundSs_SsInit	800CE368
SoundSs_SpuInit	800CE3A8
SoundSs_SsIsEos	800CE3C8
SoundSs_SsSeqOpen	800CE408
SoundMidi_SsContBankChange	800CE698
SoundMidi_SsContDataEntry	800CE718
SoundMidi_SsContMainVol	800CEA98
SoundMidi_SsContPanpot	800CEB68
SoundMidi_SsContExpression	800CEC38
SoundMidi_SsContDamper	800CED28
SoundMidi_SsContExternal	800CEDD8
SoundMidi_SsContNrpn1	800CEE68
SoundMidi_SsContNrpn2	800CEF68
SoundMidi_SsContRpn1	800CF0A8
SoundMidi_SsContRpn2	800CF118
SoundMidi_SsContResetAll	800CF188
SoundMidi_SsSetNrpnVabAttr0	800CF248
SoundMidi_SsSetNrpnVabAttr1	800CF2D8
SoundMidi_SsSetNrpnVabAttr2	800CF398
SoundMidi_SsSetNrpnVabAttr3	800CF428
SoundMidi_SsSetNrpnVabAttr4	800CF4B8
SoundUt_SsUtResolveADSR	800CF568
SoundUt_SsUtBuildADSR	800CF5C4
SoundMidi_SsSetNrpnVabAttr5	800CF668
SoundMidi_SsSetNrpnVabAttr6	800CF728
SoundMidi_SsSetNrpnVabAttr7	800CF7D8
SoundMidi_SsSetNrpnVabAttr8	800CF888
SoundMidi_SsSetNrpnVabAttr9	800CF938
SoundMidi_SsSetNrpnVabAttr10	800CF9F8
SoundMidi_SsSetNrpnVabAttr11	800CFAA8
SoundMidi_SsSetNrpnVabAttr12	800CFB58
SoundMidi_SsSetNrpnVabAttr13	800CFC38
SoundMidi_SsSetNrpnVabAttr14	800CFCD8
SoundMidi_SsSetNrpnVabAttr15	800CFD78
SoundMidi_SsSetNrpnVabAttr16	800CFDA8
SoundMidi_SsSetNrpnVabAttr17	800CFDD8
SoundMidi_SsSetNrpnVabAttr18	800CFE08
SoundMidi_SsSetNrpnVabAttr19	800CFE38
SoundMidi_SsSetPitchBend	800CFE68
SoundMidi_SsSetControlChange	800CFF18
SoundMidi_SsGetMetaEvent	800D0148
SoundMidi_SsNoteOn	800D0318
SoundMidi_SsSetProgramChange	800D03F8
SoundSs_SsInitSoundSeq	800D0468
SoundSs_SsSndSetPauseMode	800D07B8
SoundSs_SsSeqPause	800D0884
SoundSs_SsSepPause	800D08AC
SoundSs_SsSeqPlay	800D08D8
SoundSs_SsPlayBack	800D0918
SoundSs_SsQuit	800D09D8
Spu_SpuQuit	800D09F8
SoundSs_SsSndSetReplayMode	800D0A78
SoundSs_SsSeqReplay	800D0B14
SoundSs_SsSepReplay	800D0B3C
SoundSs_SetPlayMode	800D0B68
SoundSs_SsSetSerialAttr	800D0C88
Spu_SpuSetCommonAttr	800D0D48
SoundSs_SsSetMVol	800D10C8
_snd_ssstart_800D1118	800D1118
SoundSs_SsStart	800D1348
SoundSs_SsStart2	800D1368
_snd_ssstart_800D1388	800D1388
_snd_ssstart_800D13D4	800D13D4
SoundSs_SsSndStop	800D1428
SoundSs_SsSeqStop	800D15A8
SoundSs_SsSepStop	800D15D0
SoundSs_SsSetSerialVol	800D1608
SoundSs_SsSetTableSize	800D1718
SoundSs_SsSetTickMode	800D1938
SoundSs_SsSndSetVol	800D1A88
SoundSs_SsSeqSetVol	800D1B18
SoundSs_SsSepSetVol	800D1B80
SoundSs_SsSeqGetVol	800D1C18
SoundSs_SsSndTempo	800D1C58
SoundSs_SsSndSetVolData	800D1E78
SoundUt_SsUtAllKeyOff	800D1EE8
Spu_SpuSetVoiceAttr	800D2038
Spu_spu_note2pitch	800D2638
Spu_spu_pitch2note	800D2708
SoundUt_SsUtGetProgAtr	800D2838
SoundUt_SsUtGetVagAtr	800D2948
SoundUt_SsUtSetReverbDelay	800D2B88
Spu_SpuSetReverbModeParam	800D2BC8
Spu_spu_setReverbAttr	800D30A8
SoundUt_SsUtSetReverbDepth	800D3578
SoundUt_SsUtSetReverbType	800D3608
SoundUt_SpuSetReverb	800D36A8
SoundUt_SsUtSetReverbFeedback	800D3798
SoundUt_SsUtReverbOff	800D37D8
SoundUt_SsUtReverbOn	800D37F8
SoundUt_SsUtSetVagAtr	800D3818
SoundVm_SsVmDamperOff	800D39E8
SoundVm_SsVmDamperOn	800D39F8
SoundVm_SsVmFlush	800D3A08
Spu_SpuSetNoiseVoice	800D3ED8
Spu_SpuSetAnyVoice	800D3F08
Spu_SpuGetNoiseVoice	800D41C8
Spu_SpuGetAnyVoice	800D41F8
Spu_SpuSetReverbVoice	800D4228
Spu_SpuGetReverbVoice	800D4258
Spu_SpuSetKey	800D4288
Spu_SpuGetVoiceEnvelope	800D4448
SoundVm_SsVmInit	800D4468
Spu_SpuInitMalloc	800D47B8
Spu_spu_setInTransfer	800D4818
Spu_spu_getInTransfer	800D4840
SoundVm_SsVmKeyOn	800D4858
SoundVm_SsVmKeyOff	800D4D74
SoundVm_SsVmSeKeyOn	800D4ED4
SoundVm_SsVmSeKeyOff	800D4FC0
SoundVm_SsVmAlloc	800D4FF8
SoundVm_SsVmDoAllocate	800D5268
SoundVm_note2pitch	800D5438
SoundVm_note2pitch2	800D5484
SoundVm_SsPitchFromNote	800D54EC
SoundVm_vmNoiseOn	800D5618
Spu_SpuSetNoiseClock	800D5B88
SoundVm_vmNoiseOff	800D5BD8
SoundVm_SsVmKeyOffNow	800D5C18
SoundVm_SsVmKeyOnNow	800D5CD8
SoundVm_SsVmPBVoice	800D61A8
SoundVm_SsVmPitchBend	800D6394
SoundVm_SsVmSetProgVol	800D6478
SoundVm_SsVmSetSeqVol	800D64E8
SoundVm_SsVmGetSeqVol	800D6A54
SoundVm_SsVmSeqKeyOff	800D6AB8
SoundVm_SsVmSelectToneAndVag	800D6B68
SoundVs_SsVmSetVol	800D6C38
SoundVs_SsVmVSetUp	800D71D8
SoundVs_SsSetMono	800D7298
SoundVs_SsSetStereo	800D72A8
SoundVs_SsSetReservedVoice	800D72B8
SoundVs_SsVabClose	800D72E8
Spu_SpuFree	800D7398
Spu_gcSPU	800D7418
SoundVs_SsVabOpenHead	800D7718
_snd_vs_vh2_800D774C	800D774C
Spu_SpuMalloc	800D77B8
SoundVs_SsVabOpenHeadSticky	800D7A88
SoundVs_SsVabFakeHead	800D7ABC
SoundVs_SsVabOpenHeadWithMode	800D7AF8
SoundVs_SsVabTransBodyPartly	800D7EE8
Spu_SpuSetTransferStartAddr	800D8078
Spu_SpuWritePartly	800D80D8
SoundVs_SsVabTransCompleted	800D8168
Spu_SpuIsTransferCompleted	800D8198
EtcVid_VSync	800D8248
_etc_vsync_800D83C0	800D83C0
EtcIntr_ResetCallback	800D8458
EtcIntr_InterruptCallback	800D8488
EtcIntr_DmaCallback	800D84B8
EtcIntr_VSyncCallback	800D84E8
EtcIntr_VSyncCallbacks	800D851C
EtcIntr_StopCallback	800D854C
EtcIntr_RestartCallback	800D857C
EtcIntr_CheckCallback	800D85AC
EtcIntr_GetIntrMask	800D85BC
EtcIntr_SetIntrMask	800D85D4
_etc_intr_cb_800D85EC	800D85EC
_etc_intr_800D86C4	800D86C4
_etc_intr_cb_800D8894	800D8894
_etc_intr_cb_800D89DC	800D89DC
_etc_intr_cb_800D8A7C	800D8A7C
_etc_intr_800D8AF4	800D8AF4
EtcIntr_startIntrVSync	800D8B18
_etc_intrvb_800D8B70	800D8B70
_etc_intrvb_800D8BDC	800D8BDC
_etc_intrvb_800D8C08	800D8C08
EtcIntr_startIntrDma	800D8C38
_etc_intrdma_800D8C84	800D8C84
_etc_intrdma_800D8E04	800D8E04
_etc_intrdma_800D8EB0	800D8EB0
EtcVid_SetVideoMode	800D8ED8
EtcVid_GetVideoMode	800D8EEC
CdDrive_StSetRing	800D8F08
CdDrive_CdInit	800D8F38
_cddrive_event_800D8FC8	800D8FC8
_cddrive_event_cb_800D9004	800D9004
_cddrive_event_cb_800D902C	800D902C
_cddrive_event_cb_800D9054	800D9054
CdDrive_CdPosToInt	800D9088
CdDrive_CdSearchFile	800D9108
_cddrive_iso_CompareString4	800D93E0
CdDrive_CdNewMedia	800D9400
_cddrive_iso_800D96C4	800D96C4
CdDrive_CdCacheFile	800D9768
_cddrive_iso_800D9A04	800D9A04
CdDrive_CdRead2	800D9A78
CdDrive_CdRead2_ReadyCallback	800D9AFC
CdDrive_StClearRing	800D9B28
CdDrive_DataReadyCallback	800D9B88
CdDrive_StGetBackloc	800D9C14
CdDrive_StSetStream	800D9C78
CdDrive_StFreeRing	800D9D08
CdDrive_InitRingStatus	800D9DB8
CdDrive_StGetNext	800D9DF8
CdDrive_StSetMask	800D9EB8
CdDrive_StCdInterrupt	800D9ED8
_cddrive_800DA7F4	800DA7F4
_cddrive_800DA820	800DA820
_cddrive_800DA9C8	800DA9C8
CdDrive_BiosCdSync	800DAF2C
CdDrive_BiosCdReady	800DB1AC
CdDrive_CDcw	800DB474
CdDrive_BiosCdVol	800DB880
CdDrive_BiosFlush	800DB908
CdDrive_BiosCdInitVol	800DB9DC
CdDrive_BiosCdInitIntr	800DBACC
CdDrive_BiosCdInit	800DBB18
CdDrive_BiosCdDatasync	800DBCF8
_cddrive_bios_800DBE6C	800DBE6C
CdDrive_CdIntToPos	800DBF48
CdDrive_CdSetDebug	800DC058
CdDrive_CdSync	800DC078
CdDrive_CdReady	800DC098
CdDrive_CdReadyCallback	800DC0B8
CdDrive_CdControl	800DC0D8
CdDrive_CdControlF	800DC214
CdDrive_CdControlB	800DC348
CdDrive_CdMix	800DC498
CdDrive_CdGetSector	800DC4B8
CdDrive_CD_getsector	800DC4D8
CdDrive_CdGetSector2	800DC5D8
CdDrive_CD_getsector2	800DC5F8
CdDrive_CdDataCallback	800DC6E8
CdDrive_CdDataSync	800DC718
_cddrive_cdr1_800DC738	800DC738
_cddrive_cdr1_800DC76C	800DC76C
_cddrive_cdr1_800DC9E0	800DC9E0
_cddrive_cdr1_800DCAB0	800DCAB0
CdDrive_CdReadBreak	800DCC98
CdDrive_CdRead	800DCE38
CdDrive_CdReadSync	800DCFD4
CdDrive_CdStatus	800DD0D8
CdDrive_CdMode	800DD0E8
CdDrive_CdLastPos	800DD0F8
CdDrive_CdFlush	800DD108
CdDrive_CdSyncCallback	800DD128
CdDrive_CdReadCallback	800DD148
GTE_ccos	800DD168
GTE_csincos	800DD238
GTE_csin_1	800DD358
GTE_csin	800DD3F8
GpuSys_ResetGraph	800DD538
GpuSys_SetGraphDebug	800DD6AC
GpuSys_SetGraphQueue	800DD708
GpuSys_GetGraphDebug	800DD7AC
GpuSys_DrawSyncCallback	800DD7BC
GpuSys_SetDispMask	800DD81C
GpuSys_DrawSync	800DD8B4
_gpusys_800DD91C	800DD91C
GpuSys_ClearImage	800DDA38
GpuSys_ClearImage2	800DDAC8
GpuSys_LoadImage	800DDB60
GpuSys_StoreImage	800DDBC0
GpuSys_MoveImage	800DDC20
GpuSys_ClearOTag	800DDCD8
GpuSys_ClearOTagR	800DDDA0
GpuSys_DrawPrim	800DDE4C
GpuSys_DrawOTag	800DDEA8
GpuSys_PutDrawEnv	800DDF18
GpuSys_DrawOTagEnv	800DDFD8
GpuSys_GetDrawEnv	800DE0B0
GpuSys_PutDispEnv	800DE0E4
GpuSys_GetDispEnv	800DE5DC
GpuSys_GetODE	800DE610
GpuSys_SetDrawArea	800DE640
GpuSys_SetDrawOffset	800DE6C0
GpuSys_SetDrawEnv	800DE700
_gpusys_800DE8F8	800DE8F8
_gpusys_800DEB68	800DEB68
_gpusys_800DEB88	800DEB88
_gpusys_800DEC20	800DEC20
_gpusys_800DECB8	800DECB8
_gpusys_800DECD4	800DECD4
_gpusys_cb_800DED54	800DED54
_gpusys_cb_800DED6C	800DED6C
_gpusys_cb_800DEE4C	800DEE4C
_gpusys_cb_800DF07C	800DF07C
_gpusys_cb_800DF2B8	800DF2B8
_gpusys_cb_800DF538	800DF538
_gpusys_cb_800DF54C	800DF54C
_gpusys_cb_800DF554	800DF554
_gpusys_cb_800DF594	800DF594
_gpusys_800DF5DC	800DF5DC
_gpusys_800DF60C	800DF60C
_gpusys_cb_800DF630	800DF630
_gpusys_cb_800DF8E0	800DF8E0
_gpusys_cb_800DFB40	800DFB40
_gpusys_cb_800DFC7C	800DFC7C
_gpusys_800DFDB8	800DFDB8
_gpusys_800DFDEC	800DFDEC
_gpusys_800DFF30	800DFF30
GpuSys_LoadImage2	800DFFD0
GpuSys_StoreImage2	800E00BC
GpuSys_MoveImage2	800E01A8
GpuSys_DrawOTag2	800E02EC
GpuSys_GPUResetCallback	800E03E8
_gpusys_800E0410	800E0410
Gpu_SetDefDrawEnv	800E0438
Gpu_SetDefDispEnv	800E04F8
Gpu_GetTPage	800E0538
Gpu_AddPrim	800E0578
Gpu_SetSemiTrans	800E05B8
Gpu_SetPolyG3	800E05E8
Gpu_SetPolyF4	800E0608
Gpu_SetPolyFT4	800E0628
Gpu_SetPolyG4	800E0648
Gpu_SetSprt	800E0668
Gpu_SetTile	800E0688
Press_DecDCTReset	800E06A8
Press_DecDCTGetEnv	800E06DC
Press_DecDCTPutEnv	800E0768
Press_DecDCTin	800E0800
Press_DecDCTout	800E087C
Press_DecDCTinSync	800E089C
Press_DecDCToutSync	800E08D8
Press_DecDCTinCallback	800E0920
Press_DecDCToutCallback	800E0944
_press_800E0968	800E0968
_press_800E0A58	800E0A58
_press_800E0AE8	800E0AE8
_press_800E0B74	800E0B74
_press_800E0C08	800E0C08
_press_800E0C9C	800E0C9C
_press_800E0CB4	800E0CB4
Press_VLC_DecDCTvlcSize2	800E0D38
Press_VLC_DecDCTvlc2	800E0D68
Press_Build_DecDCTv1cBuild	800E10B8
LibC_exit	800E11A8
LibC_puts	800E11C0
LibC_setjmp	800E11D8
LibC_strcat	800E11E8
LibC_strcmp	800E11F8
LibC_strncmp	800E1208
LibC_strcpy	800E1218
LibC_strncpy	800E1228
LibC_bzero	800E1238
LibC_memcpy	800E1248
LibC_memset	800E1258
LibC_rand	800E1268
LibC_printf	800E1278
LibC_bcmp	800E1288
PsApi_InitHeap	800E12C8
PsApi_FlushCache	800E12D8
PsApi_GPU_cw	800E12E8
PsApi_96_remove	800E1300
PsApi_DeliverEvent	800E1318
PsApi_OpenEvent	800E1328
PsApi_CloseEvent	800E1338
PsApi_WaitEvent	800E1348
PsApi_TestEvent	800E1358
PsApi_EnableEvent	800E1368
PsApi_DisableEvent	800E1378
PsApi_ReturnFromException	800E1388
PsApi_ResetEntryInt	800E1398
PsApi_HookEntryInt	800E13A8
PsApi_EnterCriticalSection	800E13B8
PsApi_ExitCriticalSection	800E13C8
PsApi_open	800E13D8
PsApi_lseek	800E13E8
PsApi_read	800E13F8
PsApi_write	800E1408
PsApi_close	800E1418
PsApi_nextfile	800E1428
PsApi_ChangeClearPAD	800E1438
PsApi_SysEnqIntRP	800E1448
PsApi_SysDeqIntRP	800E1458
PsApi_ChangeClearRCnt	800E1468
PsApi_Counter_SetRCnt	800E1478
PsApi_Counter_GetRCnt	800E1514
PsApi_Counter_StartRCnt	800E154C
PsApi_Counter_StopRCnt	800E157C
PsApi_Counter_ResetRCnt	800E15B0
PsApi_First_firstfile	800E15E8
_api_first_800E1784	800E1784
PsApi_firstfile2	800E1888
_api_pad_800E1898	800E1898
_api_pad_800E18A4	800E18A4
PsApi_PADInit	800E18B4
PsApi_InitPAD	800E1944
PsApi_StartPAD	800E19D4
_api_pad_800E1A04	800E1A04
_api_pad_800E1A7C	800E1A7C
PsApi_InitPAD2	800E1B28
PsApi_StartPAD2	800E1B38
PsApi_PADInit2	800E1B48
PsApi_Patch_EnablePAD	800E1B58
PsApi_Patch_DisablePAD	800E1B6C
PsApi_Patch_patchPad	800E1B80
PsApi_ChclrPad_removeChgclrPAD	800E1BF8
Sn_PCopen	800E1C68
Sn_PCclose	800E1C88
Sn_PClseek	800E1C98
Sn_PCcreat	800E1CBC
Sn_PCread	800E1CDC
Sn_SN_read	800E1D98
Sn_PCwrite	800E1DB0
Sn_SN_write	800E1E6C
