#ADDR	CURRENT_NAME	OLD_NAMES
0x80010000	gGlobalBss	
0x80010004	rdFileNameVoice	
0x80010010	rdFileNameSe	
0x8001001c	rdFileNameBgm	
0x80010028	rdFileNameMovie	
0x80010034	rdFileNameField	
0x80010044	rdFileNameFace	
0x80010050	rdFileNameEffect	
0x80010060	rdFileNameAnime	
0x80010070	rdFileNameSce	
0x8001007c	rdFileNameSystem	
0x8001008c	rdFileNameScreen	
0x8001009c	rdFileNameUnit	
0x80012260	rdMCSaveTitleGame	
0x80012284	rdMCSaveTitleSys	
0x8001e770	rs_mcsave_1e770	
0x80035714	rdMCSaveFileName	
0x80038a50	rs_ccc_00	
0x800390fc	rd_libcd_bios_str390fc	
0x80039108	rd_libcd_bios_str39108	
0x80039114	rd_libcd_bios_str39114	
0x80039120	rd_libcd_bios_str39120	
0x8003912c	rd_libcd_bios_str3912c	
0x80039138	rd_libcd_bios_str39138	
0x80039144	rd_libcd_bios_str39144	
0x80039150	rd_libcd_bios_str39150	
0x80039154	rd_libcd_bios_str39154	
0x80039160	rd_libcd_bios_str39160	
0x80039170	rd_libcd_bios_str39170	
0x8003917c	rd_libcd_bios_str3917c	
0x80039184	rd_libcd_bios_str39184	
0x80039190	rd_libcd_bios_str39190	
0x8003919c	rd_libcd_bios_str3919c	
0x800391a4	rd_libcd_bios_str391a4	
0x800391b0	rd_libcd_bios_str391b0	
0x800391bc	rd_libcd_bios_str391bc	
0x800391c8	rd_libcd_bios_str391c8	
0x800391d4	rd_libcd_bios_str391d4	
0x800391dc	rd_libcd_bios_str391dc	
0x800391e8	rd_libcd_bios_str391e8	
0x800391f0	rd_libcd_bios_str391f0	
0x800391f8	rd_libcd_bios_str391f8	
0x80039204	rd_libcd_bios_str39204	
0x8003920c	rd_libcd_bios_str3920c	
0x80039218	rd_libcd_bios_str39218	
0x80039224	rd_libcd_bios_str39224	
0x80039230	rd_libcd_bios_str39230	
0x800392a0	rd_libcd_bios_str392a0	
0x800392a8	rd_libcd_bios_str392a8	
0x800392ec	rd_libcd_bios_str392ec	
0x800392f4	rd_libcd_bios_str392f4	
0x8003961c	Main_DummyFunc	
0x80039624	_entry	
0x800396e0	main	
0x80039d48	_main_ResetGfx	
0x80039f80	_main_80039F80	
0x8003a230	_main_8003A230	
0x8003a4e0	_main_8003A4E0	
0x8003a568	_main_UNUSED_8003A568	
0x8003a570	Main_8003A570	
0x8003a788	Main_8003A788	
0x8003aa00	Main_8003AA00	
0x8003adb8	Main_8003ADB8	
0x8003ade0	_main_8003ADE0	
0x8003ae24	Main_8003AE24	
0x8003ae90	Main_8003AE90	
0x8003aed8	Main_8003AED8	
0x8003af4c	Pad_8003AF4C	
0x8003b5ec	_pad_8003B5EC	
0x8003b8fc	_pad_8003B8FC	
0x8003bbb4	Pad_8003BBB4	
0x8003bc44	_pad_8003BC44	
0x8003bce0	_pad_UNUSED_8003BCE0	
0x8003bd18	_pad_8003BD18	
0x8003bdfc	Pad_8003BDFC	
0x8003be70	Pad_8003BE70	
0x8003bf4c	Pad_8003BF4C	
0x8003bff4	_pad_UNUSED_8003BFF4	
0x8003c06c	Pad_8003C06C	
0x8003c0e4	Pad_8003C0E4	
0x8003c1cc	CdFiles_ClearLoadRequests	
0x8003c2bc	CdFiles_8003C2BC	
0x8003c544	CdFiles_RequestCdFile	
0x8003c664	CdFiles_8003C664	
0x8003c790	CdFiles_8003C790	
0x8003c8e4	_cdfiles_8003C8E4	
0x8003d208	_cdfiles_8003D208	
0x8003f9f0	_cdFiles_MdecOutCallback	
0x8003fb0c	_cdFiles_DecompressLZ77	
0x8003fdf8	CdFiles_8003FDF8	
0x8003fe5c	CdFiles_8003FE5C	
0x8003fea0	CdFiles_8003FEA0	
0x8003fec4	CdFiles_AllSlotsEmpty	
0x8003fed4	_cdfiles_UNUSED_8003FED4	
0x8003fef0	CdFiles_8003FEF0	
0x8003ff24	CdFiles_8003FF24	
0x80040010	_cdFiles_PCLoadFileData	
0x80040108	_cdFiles_PCWriteFileData	
0x800401ac	_cdfiles_UNUSED_800401AC	
0x8004021c	_cdFiles_GetPrefixedGamefileName	
0x800402c4	_cdFiles_GetSuffixedGamefileName	
0x80040348	_cdfiles_80040348	
0x80040430	_cdfiles_80040430	
0x800404b0	_cdfiles_800404B0	
0x8004051c	_cdfiles_UNUSED_8004051C	
0x800405a4	Audio_ResetAudio	
0x800407cc	Audio_800407CC	
0x80040994	Audio_80040994	
0x80040a90	Audio_Callback_80040A90	
0x80040cfc	Audio_Callback_80040CFC	
0x80040e50	Audio_Callback_80040E50	
0x80040eec	Audio_Callback_80040EEC	
0x80041004	Audio_Callback_80041004	
0x8004123c	Audio_Callback_8004123C	
0x800413dc	Audio_Callback_800413DC	
0x800416a8	Audio_Callback_800416A8	
0x8004179c	Audio_Callback_8004179C	
0x800418cc	Audio_Callback_800418CC	
0x80041958	_audio_80041958	
0x80041af8	Audio_80041AF8	
0x80041d98	Audio_80041D98	
0x80041e90	Audio_80041E90	
0x80041f74	Audio_80041F74	
0x80041fc8	Audio_80041FC8	
0x80041fdc	_audio_UNUSED_80041FDC	
0x80042044	Audio_80042044	
0x80042130	Audio_80042130	
0x80042200	_audio_UNUSED_80042200	
0x8004224c	Audio_Callback_8004224C	
0x800422c0	Audio_Callback_800422C0	
0x80042368	Audio_Callback_80042368	
0x800423fc	Audio_Callback_800423FC	
0x80042448	Audio_Callback_80042448	
0x80042494	Audio_Callback_80042494	
0x800424f8	Audio_Callback_800424F8	
0x8004255c	Audio_Callback_8004255C	
0x800425a8	Audio_Callback_800425A8	
0x800425f4	Audio_Callback_800425F4	
0x80042640	Audio_Callback_80042640	
0x8004268c	Audio_Callback_8004268C	
0x800426d8	Audio_Callback_800426D8	
0x80042724	Audio_Callback_80042724	
0x80042770	_audio_80042770	
0x800427e0	GfxA_800427E0	
0x800428b4	GfxA_800428B4	
0x800429c0	GfxA_800429C0	
0x80042a54	GfxA_80042A54	
0x80042f80	GfxA_80042F80	
0x80043538	GfxA_80043538	
0x800438c0	GfxA_800438C0	
0x80043bac	GfxA_80043BAC	
0x80043e0c	GfxA_80043E0C	
0x80044a78	GfxA_80044A78	
0x800450e8	GfxA_800450E8	
0x80045cf4	GfxA_80045CF4	
0x80045df4	GfxA_80045DF4	
0x8004607c	GfxA_8004607C	
0x80046498	GfxA_80046498	
0x80046650	_gfxa_80046650	
0x80046910	GfxA_80046910	
0x80046f70	GfxA_80046F70	
0x8004814c	GfxA_8004814C	
0x80048220	GfxA_80048220	
0x800482f4	GfxA_800482F4	
0x800483c8	GfxA_800483C8	
0x80048518	GfxA_80048518	
0x800485f4	GfxA_800485F4	
0x800486c8	_gfxa_UNUSED_800486C8	
0x80048780	_gfxa_UNUSED_80048780	
0x800488e0	_gfxa_UNUSED_800488E0	
0x8004893c	GfxA_8004893C	
0x80048b6c	GfxA_80048B6C	
0x8004b614	GfxA_Callback_8004B614	
0x8004b748	GfxA_Callback_8004B748	
0x8004b828	GfxA_8004B828	
0x8004baf4	GfxA_8004BAF4	
0x8004bc54	_gfxa_8004BC54	
0x8004bdbc	_gfxa_8004BDBC	
0x8004beb0	_gfxa_8004BEB0	
0x8004c234	_gfxa_8004C234	
0x800500f8	_gfxa_800500F8	
0x80051614	GfxA_80051614	
0x80051880	GfxA_80051880	
0x800519dc	GfxA_800519DC	
0x80051c68	GfxDraw_loadSprite4Bit	
0x80051e74	GfxA_80051E74	
0x80051fa0	GfxA_80051FA0	
0x80052100	GfxA_80052100	
0x80053130	_gfxa_80053130	
0x80053324	_gfxa_UNUSED_80053324	
0x80053370	GfxA_80053370	
0x800533fc	GfxA_800533FC	
0x80053544	GfxA_80053544	
0x80053678	_gfxa_UNUSED_80053678	
0x800537c8	GfxA_800537C8	
0x800538c0	GfxA_800538C0	
0x80053904	GfxA_80053904	
0x80053910	GfxA_80053910	
0x80053a10	GfxA_80053A10	
0x80053af8	_gfxa_UNUSED_80053AF8	
0x80053c04	GfxA_80053C04	
0x80053ce0	GfxA_80053CE0	
0x80053e18	GfxA_80053E18	
0x80053e90	GfxA_80053E90	
0x80053ed4	GfxA_80053ED4	
0x80053f18	GfxDraw_SetCLUTSemitrans	
0x80053fa8	GfxA_80053FA8	
0x800540a4	GfxA_Callback_800540A4	
0x800540e8	GfxA_Callback_800540E8	
0x80054138	GfxA_Callback_80054138	
0x80054170	GfxA_Callback_80054170	
0x800541a4	GfxA_Callback_800541A4	
0x800541dc	GfxA_Callback_800541DC	
0x80054204	GfxA_Callback_80054204	
0x80054278	GfxA_Callback_80054278	
0x800542a8	GfxA_Callback_800542A8	
0x800542d8	GfxA_Callback_800542D8	
0x8005431c	GfxA_Callback_8005431C	
0x8005434c	GfxA_Callback_8005434C	
0x800543c0	GfxA_Callback_800543C0	
0x8005446c	GfxA_Callback_8005446C	
0x800544a0	GfxA_Callback_800544A0	
0x800544d4	GfxA_Callback_800544D4	
0x800544f8	GfxA_Callback_800544F8	
0x80054528	GfxA_Callback_80054528	
0x80054558	GfxA_Callback_80054558	
0x80054560	GfxA_Callback_80054560	
0x80054598	_gfxa_UNUSED_80054598	
0x8005461c	_gfxa_UNUSED_8005461C	
0x80054668	_gfxa_UNUSED_80054668	
0x800546ac	_gfxa_800546AC	
0x80054714	_gfxa_80054714	
0x800547d8	_gfxa_800547D8	
0x800548b4	_gfxa_800548B4	
0x80054994	GfxC_80054994	
0x80054aac	GfxC_Callback_80054AAC	
0x80054af4	GfxC_Callback_80054AF4	
0x80054afc	GfxC_Callback_80054AFC	
0x80054b04	GfxC_Callback_80054B04	
0x80054b0c	GfxC_Callback_80054B0C	
0x80054b14	GfxC_Callback_80054B14	
0x80054b1c	GfxC_Callback_80054B1C	
0x80054b24	GfxC_Callback_80054B24	
0x80054b2c	GfxC_Callback_80054B2C	
0x80054b34	GfxC_Callback_80054B34	
0x80054b3c	GfxC_Callback_80054B3C	
0x80054b44	GfxC_Callback_80054B44	
0x80054b4c	GfxC_Callback_80054B4C	
0x80054b54	GfxC_Callback_80054B54	
0x80054b5c	GfxC_Callback_80054B5C	
0x80054b64	GfxC_Callback_80054B64	
0x80054b6c	GfxC_Callback_80054B6C	
0x80054b74	GfxC_Callback_80054B74	
0x80054b7c	GfxC_Callback_80054B7C	
0x80054b84	GfxB_80054B84	
0x800564d4	GfxB_800564D4	
0x800568ac	GfxB_800568AC	
0x80056c6c	GfxDraw_loadSprite8Bit_Y256	
0x80056d88	GfxB_80056D88	
0x80056fbc	GfxDraw_renderSpritePolys_56fbc	
0x800573ec	GfxDraw_renderSpritePolys_573ec	
0x80057834	GfxB_80057834	
0x800578dc	GfxB_800578DC	
0x80057b0c	_gfxb_80057B0C	
0x8005817c	_gfxb_8005817C	
0x800589fc	_gfxb_800589FC	
0x80059058	_gfxb_80059058	
0x8005a04c	GfxB_8005A04C	
0x8005a3b4	GfxB_8005A3B4	
0x8005a480	GfxB_8005A480	
0x8005a4fc	GfxB_8005A4FC	
0x8005a6e0	GfxB_8005A6E0	
0x8005a76c	GfxB_8005A76C	
0x8005a854	GfxB_8005A854	
0x8005a98c	GfxB_8005A98C	
0x8005ae90	GfxB_8005AE90	
0x8005b054	GfxB_8005B054	
0x8005b200	_gfxb_8005B200	
0x8005b2b8	GfxB_8005B2B8	
0x8005b3e4	GfxB_8005B3E4	
0x8005b88c	GfxB_8005B88C	
0x8005b9cc	GfxB_8005B9CC	
0x8005bad4	GfxB_8005BAD4	
0x8005bc00	GfxB_8005BC00	
0x8005c3ec	_gfxb_8005C3EC	
0x8005d1dc	GfxB_8005D1DC	
0x8005d53c	GfxB_8005D53C	
0x8005d7a8	GfxB_8005D7A8	
0x8005d8ec	GfxB_8005D8EC	
0x8005da30	GfxB_8005DA30	
0x8005dd8c	_gfxb_8005DD8C	
0x8005df54	GfxDraw_renderSpritePolys_5df54	
0x8005df98	GfxDraw_renderSpritePolys_5df98	
0x8005dfdc	_gfxb_UNUSED_8005DFDC	
0x8005e028	GfxB_8005E028	
0x8005e0d4	GfxB_8005E0D4	
0x8005e188	GfxB_8005E188	
0x8005e23c	_gfxb_UNUSED_8005E23C	
0x8005e2a4	GfxB_8005E2A4	
0x8005e350	GfxB_8005E350	
0x8005e400	GfxB_8005E400	
0x8005e4dc	GfxB_8005E4DC	
0x8005e5b8	GfxB_8005E5B8	
0x8005e6d0	GfxB_8005E6D0	
0x8005e86c	GfxB_8005E86C	
0x8005f298	C6A_8005F298	
0x8005f45c	_c6a_8005F45C	
0x8005fdd8	_c6a_8005FDD8	
0x8006050c	C6A_8006050C	
0x80060784	C6A_80060784	
0x8006089c	C6A_8006089C	
0x800609b8	C6A_800609B8	
0x80060a1c	C6A_80060A1C	
0x80060abc	C6A_80060ABC	
0x80060b50	C6A_80060B50	
0x80060bcc	C6A_80060BCC	
0x80060c04	C6A_80060C04	
0x80060c98	C6A_80060C98	
0x80061038	C6A_80061038	
0x800611a4	C6A_800611A4	
0x80061338	C6A_80061338	
0x800613e8	C6A_800613E8	
0x800614d4	C6C_800614D4	
0x800630e8	_c6c_800630E8	
0x8006387c	C6C_8006387C	
0x8006494c	C6C_8006494C	
0x80064ac4	C6C_80064AC4	
0x80064d08	C6C_80064D08	
0x80065320	C6C_80065320	
0x80066634	C6C_80066634	
0x80066720	C6C_80066720	
0x80066854	_c6c_80066854	
0x80066920	C6C_80066920	
0x8006699c	C6C_8006699C	
0x80066a08	_c6c_80066A08	
0x80066aac	C6C_80066AAC	
0x80066b90	_c6c_80066B90	
0x80066c3c	_c6c_80066C3C	
0x80066da0	C6D_80066DA0	
0x80069a88	C6D_80069A88	
0x80069b98	C6D_80069B98	
0x8006d348	C6D_8006D348	
0x8006e0ac	C6D_8006E0AC	
0x8006e8a0	C6D_8006E8A0	
0x8006eb40	C6D_8006EB40	
0x8006ed8c	C6D_8006ED8C	
0x8006efd8	C6D_8006EFD8	
0x8006f28c	C6D_8006F28C	
0x8006f440	_c6d_8006F440	
0x8006f634	C6D_8006F634	
0x8006f7b8	C6D_8006F7B8	
0x80070004	C6D_80070004	
0x80070104	_c6d_80070104	
0x80070138	_c6d_80070138	
0x80070f50	C6D_80070F50	
0x80070f90	C6D_80070F90	
0x80071034	C6D_80071034	
0x80071080	C6D_80071080	
0x8007112c	_c6d_8007112C	
0x800711a0	_c6d_UNUSED_800711A0	
0x800711a8	_heap_AddAvailableMemory	
0x800714a4	Heap_Malloc	
0x800715d4	Heap_IncrAsNumber_ff722_715d4	
0x80071728	Heap_DecrAsNumber_ff722_71728	
0x80071874	Heap_prng_seed_71874	
0x80071964	_heap_prng_next10a530_71964	
0x80071a14	_heap_setfead8_feae0_71A14	
0x80071bd0	Heap_Reset	
0x80071c5c	Heap_FreeMemory	
0x80071c84	_heap_SmallestFreeBlockIndex	
0x80071cd0	Heap_ClearAllFlags_ff722_71CD0	
0x80071cf8	Heap_SetFlag_ff722_71cf8	
0x80071d40	Heap_ClearFlag_ff722_71d40	
0x80071d88	Heap_XorFlag_ff722_71d88	
0x80071dd0	Heap_CheckFlag_ff722_71dd0	
0x80071e1c	Heap_SetFlags_ff722_71e1c	
0x80071edc	Heap_CheckFlags_ff722_71edc	
0x80071f64	Heap_prng_71f64	
0x80071fbc	Heap_prng_71fbc	
0x80072064	MCSave_WriteMCFileHead	
0x80072404	MCSave_InitMCContext	
0x80072438	MCSave_StartMemCard	
0x8007246c	MCSave_StopMemCard	
0x8007248c	MCSave_8007248C	
0x80072548	MCSave_CalculateMCDataChecksum	
0x8007259c	MCSave_UpdateMCDataChecksum	
0x80072624	MCSave_ChecksumMCData	
0x800726a0	MCSave_800726A0	
0x80072abc	MCSave_80072ABC	
0x80072ddc	_mcsave_80072DDC	
0x800734a4	MCSave_800734A4	
0x80073a58	MCSave_80073A58	
0x80073c3c	MCSave_80073C3C	
0x8007416c	MCSave_8007416C	
0x80074258	MCSave_80074258	
0x800742e4	_mcsave_800742E4	
0x8007460c	MCSave_8007460C	
0x80074fd0	_mcsave_80074FD0	
0x800751f0	MCSave_800751F0	
0x8007522c	MCSave_8007522C	
0x80075350	_mcsave_80075350	
0x800761a0	_mcsave_800761A0	
0x800763d0	MCSave_800763D0	
0x800764e8	MCSave_800764E8	
0x800767dc	MCSave_800767DC	
0x80076c90	MCSave_80076C90	
0x80076da0	MCSave_80076DA0	
0x80076dcc	MCSave_80076DCC	
0x80076e24	MCSave_80076E24	
0x80076e70	MCSave_80076E70	
0x80076ef8	CBM_80076EF8	
0x80077010	CBM_80077010	
0x8007708c	CBM_8007708C	
0x800770d4	CBM_800770D4	
0x8007713c	_cbm_UNUSED_8007713C	
0x80077158	CBM_Callback_80077158	
0x800771e4	CBM_Callback_800771E4	
0x800772f4	CBM_Callback_800772F4	
0x800773a0	_cbm_UNUSED_800773A0	
0x800774d4	_cbm_UNUSED_800774D4	
0x800775a4	CBM_Callback_800775A4	
0x800775ac	CBM_Callback_800775AC	
0x800775dc	CBM_Callback_800775DC	
0x8007761c	CBM_Callback_8007761C	
0x8007769c	CBM_Callback_8007769C	
0x8007772c	CBM_Callback_8007772C	
0x80077734	CBM_Callback_80077734	
0x80077794	CBM_Callback_80077794	
0x800777fc	CBM_Callback_800777FC	
0x80077860	CBM_Callback_80077860	
0x8007789c	CBM_Callback_8007789C	
0x800778c0	CBM_Callback_800778C0	
0x80077bfc	CBM_Callback_80077BFC	
0x80077cd0	MCCB_Callback_80077CD0	
0x80077e60	MCCB_Callback_80077E60	
0x8007808c	MCCB_Callback_8007808C	
0x800788ac	MCCB_Callback_800788AC	
0x800797f0	MCCB_Callback_800797F0	
0x80079c78	MCCB_Callback_80079C78	
0x8007a154	MCCB_Callback_8007A154	
0x8007ad64	MCCB_Callback_8007AD64	
0x8007b2e8	MCCB_Callback_8007B2E8	
0x8007bce4	MCCB_Callback_8007BCE4	
0x8007c2ec	MCCB_Callback_8007C2EC	
0x8007c3f8	MCCB_Callback_8007C3F8	
0x8007c868	MCCB_Callback_8007C868	
0x8007cbe4	MCCB_Callback_8007CBE4	
0x8007ccdc	MCCB_Callback_8007CCDC	
0x8007cdd4	MCCB_8007CDD4	
0x8007ce44	MCCB_8007CE44	
0x8007ce8c	MCCB_8007CE8C	
0x8007cee8	MCCB_8007CEE8	
0x8007cf74	MCCB_8007CF74	
0x8007cfb4	MCCB_8007CFB4	
0x8007cfd4	MCCB_8007CFD4	
0x8007d004	MCCB_8007D004	
0x8007d044	MCCB_8007D044	
0x8007d084	MCCB_Callback_8007D084	
0x8007d104	MCCB_Callback_8007D104	
0x8007d16c	_mccb_UNUSED_8007D16C	
0x8007d1c4	_mccb_UNUSED_8007D1C4	
0x8007d1fc	MCCB_Callback_8007D1FC	
0x8007d24c	MCCB_Callback_8007D24C	
0x8007d280	MCCB_Callback_8007D280	
0x8007d2b8	MCCB_Callback_8007D2B8	
0x8007d2d8	MCCB_Callback_8007D2D8	
0x8007d388	MCCB_Callback_8007D388	
0x8007d400	MCCB_Callback_8007D400	
0x8007d420	MCCB_Callback_8007D420	
0x8007d478	MCCB_Callback_8007D478	
0x8007d4d0	MCCB_Callback_8007D4D0	
0x8007d4f4	MCCB_Callback_8007D4F4	
0x8007d548	MCCB_Callback_8007D548	
0x8007d568	MCCB_Callback_8007D568	
0x8007d5c8	MCCB_Callback_8007D5C8	
0x8007d5e8	MCCB_Callback_8007D5E8	
0x8007d63c	MCCB_Callback_8007D63C	
0x8007d690	MCCB_Callback_8007D690	
0x8007d714	MCCB_Callback_8007D714	
0x8007d774	MCCB_Callback_8007D774	
0x8007d7b4	MCCB_Callback_8007D7B4	
0x8007d7bc	MCCB_Callback_8007D7BC	
0x8007d7c4	MCCB_Callback_8007D7C4	
0x8007d7cc	MCCB_Callback_8007D7CC	
0x8007d7d4	MCCB_Callback_8007D7D4	
0x8007d85c	MCCB_Callback_8007D85C	
0x8007d8bc	MCCB_Callback_8007D8BC	
0x8007d910	MCCB_Callback_8007D910	
0x8007d930	MCCB_Callback_8007D930	
0x8007d994	MCCB_Callback_8007D994	
0x8007d9d8	MCCB_Callback_8007D9D8	
0x8007d9ec	MCCB_Callback_8007D9EC	
0x8007da0c	MCCB_Callback_8007DA0C	
0x8007da84	MCCB_Callback_8007DA84	
0x8007dae0	MCCB_Callback_8007DAE0	
0x8007db34	MCCB_Callback_8007DB34	
0x8007db94	MCCB_Callback_8007DB94	
0x8007dc30	MCCB_Callback_8007DC30	
0x8007dc38	MCCB_Callback_8007DC38	
0x8007dc40	MCCB_Callback_8007DC40	
0x8007dc48	_mccb_UNUSED_8007DC48	
0x8007dc94	C7A_8007DC94	
0x8007e184	C7A_8007E184	
0x8007e298	_c7a_8007E298	
0x8007e678	C7A_8007E678	
0x8007ecbc	C7A_8007ECBC	
0x8007ed70	C7A_8007ED70	
0x8007ede8	C7A_8007EDE8	
0x8007edf0	_c7a_UNUSED_8007EDF0	
0x8007edf8	_c7a_UNUSED_8007EDF8	
0x8007ee00	_c7a_UNUSED_8007EE00	
0x8007eeb0	C8A_Callback_8007EEB0	
0x8007f090	C8A_Callback_8007F090	
0x8007f420	C8A_Callback_8007F420	
0x8007f5e8	C8A_Callback_8007F5E8	
0x8007fc68	C8A_Callback_8007FC68	
0x800800b4	C8A_Callback_800800B4	
0x800801f4	C8A_Callback_800801F4	
0x80080294	C8A_Callback_80080294	
0x800809dc	C8A_Callback_800809DC	
0x80080f98	C8A_Callback_80080F98	
0x80081508	C8A_Callback_80081508	
0x80081614	C8A_Callback_80081614	
0x800818c8	C8A_Callback_800818C8	
0x80081e8c	C8A_Callback_80081E8C	
0x80082158	C8A_Callback_80082158	
0x800823f0	C8A_Callback_800823F0	
0x80082538	C8A_Callback_80082538	
0x8008268c	C8A_Callback_8008268C	
0x80082e98	C8A_Callback_80082E98	
0x80083124	C8A_Callback_80083124	
0x800833e0	C8A_Callback_800833E0	
0x80083bcc	C8A_Callback_80083BCC	
0x80083cb8	C8A_Callback_80083CB8	
0x80083d9c	C8A_Callback_80083D9C	
0x80083e38	C8A_Callback_80083E38	
0x80084318	C8A_Callback_80084318	
0x80084514	C8A_Callback_80084514	
0x80084898	C8A_Callback_80084898	
0x800849bc	C8A_Callback_800849BC	
0x80084aec	C8A_Callback_80084AEC	
0x80084ba0	C8A_Callback_80084BA0	
0x80084e7c	C8A_80084E7C	
0x80086b90	C8A_80086B90	
0x80086bd0	C8A_80086BD0	
0x80086c10	C8A_80086C10	
0x80086c50	C8A_Callback_80086C50	
0x80086ce4	C8A_Callback_80086CE4	
0x80086d38	C8A_Callback_80086D38	
0x80086dc4	C8A_Callback_80086DC4	
0x80086e34	C8A_Callback_80086E34	
0x80086e8c	C8A_Callback_80086E8C	
0x80086eec	C8A_Callback_80086EEC	
0x80086f88	C8A_Callback_80086F88	
0x80087078	C8A_Callback_80087078	
0x800870ac	C8A_Callback_800870AC	
0x800870b4	C8A_Callback_800870B4	
0x800870bc	C8A_Callback_800870BC	
0x800870c4	C8A_Callback_800870C4	
0x800870cc	C8A_Callback_800870CC	
0x80087100	C8A_Callback_80087100	
0x80087140	C8A_Callback_80087140	
0x800871c4	C8A_Callback_800871C4	
0x8008724c	C8A_Callback_8008724C	
0x80087330	C8A_Callback_80087330	
0x800873c4	C8A_Callback_800873C4	
0x800873cc	C8A_Callback_800873CC	
0x800873d4	C8A_Callback_800873D4	
0x800873dc	C8A_Callback_800873DC	
0x800873e4	C8A_Callback_800873E4	
0x800873ec	C8A_Callback_800873EC	
0x800873f4	C8A_Callback_800873F4	
0x80087470	C8A_Callback_80087470	
0x80087548	C8A_Callback_80087548	
0x80087570	C8A_Callback_80087570	
0x800875cc	C8A_Callback_800875CC	
0x80087628	C8A_Callback_80087628	
0x80087630	C8A_Callback_80087630	
0x80087638	C8A_Callback_80087638	
0x80087640	C8A_Callback_80087640	
0x80087648	C8A_Callback_80087648	
0x80087650	C8A_Callback_80087650	
0x800876bc	C8A_Callback_800876BC	
0x8008771c	C8A_Callback_8008771C	
0x8008776c	C8A_Callback_8008776C	
0x8008778c	C8A_Callback_8008778C	
0x800877cc	C8A_Callback_800877CC	
0x800877d4	C9A_Callback_800877D4	
0x80087a2c	_c9a_80087A2C	
0x80087e7c	C9A_Callback_80087E7C	
0x8008854c	C9A_Callback_8008854C	
0x8008891c	C9A_Callback_8008891C	
0x8008898c	C9A_Callback_8008898C	
0x80088aa0	C9A_Callback_80088AA0	
0x80088cd8	C9A_Callback_80088CD8	
0x80088ea0	C9A_Callback_80088EA0	
0x80089010	C9A_Callback_80089010	
0x800892cc	C9A_Callback_800892CC	
0x80089454	C9A_Callback_80089454	
0x80089674	C9A_Callback_80089674	
0x80089844	C9A_Callback_80089844	
0x800899b0	C9A_Callback_800899B0	
0x80089a68	C9A_Callback_80089A68	
0x80089cb8	C9A_Callback_80089CB8	
0x80089f9c	C9A_Callback_80089F9C	
0x8008a0fc	C9A_Callback_8008A0FC	
0x8008a2a8	C9A_Callback_8008A2A8	
0x8008a50c	UIGfx_LoadFaceToVmem	
0x8008a850	C9A_Callback_8008A850	
0x8008ac84	C9A_Callback_8008AC84	
0x8008b3cc	C9A_Callback_8008B3CC	
0x8008b4b8	C9A_Callback_8008B4B8	
0x8008b78c	C9A_Callback_8008B78C	
0x8008b860	C9A_Callback_8008B860	
0x8008b970	C9A_Callback_8008B970	
0x8008bbec	C9A_Callback_8008BBEC	
0x8008bcb0	C9A_Callback_8008BCB0	
0x8008c350	C9A_Callback_8008C350	
0x8008c814	C9A_Callback_8008C814	
0x8008d06c	C9A_Callback_8008D06C	
0x8008d31c	C9A_Callback_8008D31C	
0x8008d5ec	C9A_Callback_8008D5EC	
0x8008d8a8	C9A_Callback_8008D8A8	
0x8008db50	C9A_Callback_8008DB50	
0x8008de9c	C9A_Callback_8008DE9C	
0x8008e344	C9A_Callback_8008E344	
0x8008ea18	C9A_Callback_8008EA18	
0x8008eea4	C9A_Callback_8008EEA4	
0x8008f978	C9A_Callback_8008F978	
0x8008faf8	C9A_Callback_8008FAF8	
0x8008fc58	C9A_Callback_8008FC58	
0x8009001c	C9A_Callback_8009001C	
0x800905c0	C9A_Callback_800905C0	
0x8009078c	C9A_Callback_8009078C	
0x80090aac	C9A_Callback_80090AAC	
0x80091254	C9A_Callback_80091254	
0x800913f8	C9A_Callback_800913F8	
0x800915b4	C9A_Callback_800915B4	
0x80091870	C9A_Callback_80091870	
0x80091a28	C9A_Callback_80091A28	
0x80091b0c	C9A_Callback_80091B0C	
0x80091ce4	C9A_Callback_80091CE4	
0x80091da4	C9A_Callback_80091DA4	
0x80091fac	C9A_Callback_80091FAC	
0x80092108	C9A_Callback_80092108	
0x80092304	C9A_Callback_80092304	
0x800923cc	C9A_Callback_800923CC	
0x80092478	C9A_80092478	
0x800924b8	C9A_800924B8	
0x800924f8	C9A_800924F8	
0x80092538	C9A_80092538	
0x80092578	C9A_80092578	
0x800925b8	C9A_800925B8	
0x800925f8	C9A_800925F8	
0x80092638	C9A_80092638	
0x80092678	C9A_80092678	
0x800926b8	C9A_800926B8	
0x800926f8	C9A_Callback_800926F8	
0x80092738	C9A_Callback_80092738	
0x8009280c	C9A_Callback_8009280C	
0x800928f4	C9A_Callback_800928F4	
0x80092914	C9A_Callback_80092914	
0x80092930	C9A_Callback_80092930	
0x800929dc	C9A_Callback_800929DC	
0x80092a28	C9A_Callback_80092A28	
0x80092a44	C9A_Callback_80092A44	
0x80092a4c	C9A_Callback_80092A4C	
0x80092aa0	C9A_Callback_80092AA0	
0x80092ae0	C9A_Callback_80092AE0	
0x80092b80	C9A_Callback_80092B80	
0x80092bec	C9A_Callback_80092BEC	
0x80092c4c	C9A_Callback_80092C4C	
0x80092cb8	C9A_Callback_80092CB8	
0x80092d30	C9A_Callback_80092D30	
0x80092d50	C9A_Callback_80092D50	
0x80092df8	C9A_Callback_80092DF8	
0x80092e00	C9A_Callback_80092E00	
0x80092e74	C9A_Callback_80092E74	
0x80092ea8	C9A_Callback_80092EA8	
0x80092f18	C9A_Callback_80092F18	
0x80092fcc	C9A_Callback_80092FCC	
0x8009304c	C9A_Callback_8009304C	
0x80093074	C9A_Callback_80093074	
0x80093130	C9A_Callback_80093130	
0x800931ec	C9A_Callback_800931EC	
0x8009320c	C9A_Callback_8009320C	
0x800932e4	C9A_Callback_800932E4	
0x8009335c	C9A_Callback_8009335C	
0x800933e4	C9A_Callback_800933E4	
0x8009345c	C9A_8009345C	
0x800935c0	C9A_800935C0	
0x8009375c	CAA_Callback_8009375C	
0x8009397c	CAA_Callback_8009397C	
0x8009403c	CAA_Callback_8009403C	
0x800947e8	CAA_Callback_800947E8	
0x80094958	CAA_Callback_80094958	
0x80094a5c	CAA_Callback_80094A5C	
0x80095848	CAA_Callback_80095848	
0x80095ee0	CAA_Callback_80095EE0	
0x80096054	CAA_Callback_80096054	
0x80096350	CAA_Callback_80096350	
0x80096954	CAA_Callback_80096954	
0x80096b48	CAA_Callback_80096B48	
0x800971b0	CAA_Callback_800971B0	
0x800975d8	CAA_Callback_800975D8	
0x800976a4	CAA_Callback_800976A4	
0x80097ab0	CAA_Callback_80097AB0	
0x80097e7c	CAA_Callback_80097E7C	
0x80098188	CAA_Callback_80098188	
0x80098290	CAA_Callback_80098290	
0x8009832c	CAA_Callback_8009832C	
0x8009a000	CAA_Callback_8009A000	
0x8009a874	CAA_Callback_8009A874	
0x8009ab98	CAA_Callback_8009AB98	
0x8009b140	CAA_Callback_8009B140	
0x8009cd18	CAA_Callback_8009CD18	
0x8009cf94	CAA_Callback_8009CF94	
0x8009d6a8	CAA_Callback_8009D6A8	
0x8009d874	CAA_Callback_8009D874	
0x8009d90c	CAA_Callback_8009D90C	
0x8009da60	CAA_Callback_8009DA60	
0x8009dc08	CAA_Callback_8009DC08	
0x8009e1d4	CAA_Callback_8009E1D4	
0x8009e810	CAA_Callback_8009E810	
0x8009eb28	CAA_Callback_8009EB28	
0x8009edb4	CAA_Callback_8009EDB4	
0x8009ef60	CAA_Callback_8009EF60	
0x8009f0f0	CAA_Callback_8009F0F0	
0x8009fa44	CAA_Callback_8009FA44	
0x8009fc34	CAA_Callback_8009FC34	
0x8009fef8	CAA_Callback_8009FEF8	
0x800a0244	CAA_Callback_800A0244	
0x800a03a0	CAA_Callback_800A03A0	
0x800a0518	CAA_Callback_800A0518	
0x800a0754	CAA_Callback_800A0754	
0x800a09f8	CAA_Callback_800A09F8	
0x800a0c4c	CAA_Callback_800A0C4C	
0x800a1098	CAA_Callback_800A1098	
0x800a11d0	CAA_Callback_800A11D0	
0x800a141c	CAA_Callback_800A141C	
0x800a1560	CAA_Callback_800A1560	
0x800a1db8	CAA_Callback_800A1DB8	
0x800a26a8	CAA_Callback_800A26A8	
0x800a298c	CAA_Callback_800A298C	
0x800a2cbc	CAA_Callback_800A2CBC	
0x800a2fd8	CAA_Callback_800A2FD8	
0x800a3234	CAA_Callback_800A3234	
0x800a34f0	CAA_Callback_800A34F0	
0x800a377c	CAA_Callback_800A377C	
0x800a3de8	CAA_Callback_800A3DE8	
0x800a3eac	CAA_Callback_800A3EAC	
0x800a3fc8	CAA_Callback_800A3FC8	
0x800a4304	CAA_Callback_800A4304	
0x800a44d8	CAA_Callback_800A44D8	
0x800a49c8	CAA_Callback_800A49C8	
0x800a4cf8	CAA_800A4CF8	
0x800a5084	_caa_800A5084	
0x800a5480	_caa_800A5480	
0x800a5520	_caa_800A5520	
0x800a56c8	_caa_800A56C8	
0x800a584c	CAA_Callback_800A584C	
0x800a59f0	CAA_Callback_800A59F0	
0x800a709c	CAA_Callback_800A709C	
0x800a72e8	CAA_Callback_800A72E8	
0x800a77c8	CAA_Callback_800A77C8	
0x800a78ec	CAA_Callback_800A78EC	
0x800a7ba0	CAA_Callback_800A7BA0	
0x800a7cb0	CAA_Callback_800A7CB0	
0x800a7e04	CAA_Callback_800A7E04	
0x800a7fcc	CAA_Callback_800A7FCC	
0x800a812c	CAA_Callback_800A812C	
0x800a826c	CAA_Callback_800A826C	
0x800a926c	CAA_Callback_800A926C	
0x800a9390	CAA_Callback_800A9390	
0x800a96f0	CAA_Callback_800A96F0	
0x800a9a34	CAA_Callback_800A9A34	
0x800a9b24	CAA_Callback_800A9B24	
0x800a9c1c	CAA_Callback_800A9C1C	
0x800a9cc0	CAA_Callback_800A9CC0	
0x800aa6a4	CAA_Callback_800AA6A4	
0x800aa78c	CAA_Callback_800AA78C	
0x800aa9d8	CAA_Callback_800AA9D8	
0x800aaaa4	CAA_Callback_800AAAA4	
0x800aab84	CAA_Callback_800AAB84	
0x800aad18	CAA_800AAD18	
0x800aaea0	CAA_800AAEA0	
0x800aaf80	CAA_800AAF80	
0x800aafc0	CAA_800AAFC0	
0x800ab000	CAA_800AB000	
0x800ab040	CAA_800AB040	
0x800ab0a4	CAA_800AB0A4	
0x800ab12c	CAA_Callback_800AB12C	
0x800ab188	CAA_Callback_800AB188	
0x800ab208	CAA_Callback_800AB208	
0x800ab258	CAA_Callback_800AB258	
0x800ab33c	CAA_Callback_800AB33C	
0x800ab35c	CAA_Callback_800AB35C	
0x800ab388	CAA_Callback_800AB388	
0x800ab3e8	CAA_Callback_800AB3E8	
0x800ab3f0	CAA_Callback_800AB3F0	
0x800ab410	CAA_Callback_800AB410	
0x800ab494	CAA_Callback_800AB494	
0x800ab4ec	CAA_Callback_800AB4EC	
0x800ab580	CAA_Callback_800AB580	
0x800ab600	CAA_Callback_800AB600	
0x800ab69c	CAA_Callback_800AB69C	
0x800ab784	CAA_Callback_800AB784	
0x800ab854	CAA_Callback_800AB854	
0x800ab85c	CAA_Callback_800AB85C	
0x800ab8a4	CAA_Callback_800AB8A4	
0x800ab90c	CAA_Callback_800AB90C	
0x800ab9ac	CAA_Callback_800AB9AC	
0x800aba50	CAA_Callback_800ABA50	
0x800abab4	CAA_Callback_800ABAB4	
0x800abae0	CAA_Callback_800ABAE0	
0x800abb78	CAA_Callback_800ABB78	
0x800abbdc	CAA_Callback_800ABBDC	
0x800abbe4	CAA_Callback_800ABBE4	
0x800abbec	CAA_Callback_800ABBEC	
0x800abbf4	CAA_Callback_800ABBF4	
0x800abbfc	CAA_Callback_800ABBFC	
0x800abc04	CAA_Callback_800ABC04	
0x800abc0c	CAA_Callback_800ABC0C	
0x800abc14	CAA_Callback_800ABC14	
0x800abc1c	CAA_Callback_800ABC1C	
0x800abc6c	CAA_Callback_800ABC6C	
0x800abc74	CAA_Callback_800ABC74	
0x800abce0	CAA_Callback_800ABCE0	
0x800abd30	CAA_Callback_800ABD30	
0x800abdac	CAA_Callback_800ABDAC	
0x800abdb4	CAA_Callback_800ABDB4	
0x800abe04	CAA_Callback_800ABE04	
0x800abe74	CAA_Callback_800ABE74	
0x800abf00	CAA_Callback_800ABF00	
0x800abf68	CAA_Callback_800ABF68	
0x800abfbc	CAA_Callback_800ABFBC	
0x800ac028	CAA_Callback_800AC028	
0x800ac030	CAA_Callback_800AC030	
0x800ac038	CAA_Callback_800AC038	
0x800ac040	CAA_800AC040	
0x800ac1dc	CAA_800AC1DC	
0x800ac2b8	_caa_800AC2B8	
0x800ac720	CAA_800AC720	
0x800adfb0	CAA_800ADFB0	
0x800ae480	CAA_800AE480	
0x800ae794	CAB_800AE794	
0x800aea50	CAB_800AEA50	
0x800aeafc	CAB_800AEAFC	
0x800aeb54	CAB_800AEB54	
0x800aebc8	CAB_800AEBC8	
0x800af414	CAB_800AF414	
0x800af528	CAB_800AF528	
0x800afaf4	CAB_800AFAF4	
0x800afb88	CAB_800AFB88	
0x800aff58	CAD_800AFF58	
0x800b0020	CAD_800B0020	
0x800b0040	CAD_800B0040	
0x800b0048	CAD_800B0048	
0x800b010c	CAD_800B010C	
0x800b0114	CAD_800B0114	
0x800b011c	_cad_UNUSED_800B011C	
0x800b0124	_cad_UNUSED_800B0124	
0x800b012c	_cad_UNUSED_800B012C	
0x800b0134	CAD_800B0134	
0x800b0228	CAD_800B0228	
0x800b02f4	CAD_800B02F4	
0x800b03ec	CAD_800B03EC	
0x800b04ac	CAC_800B04AC	
0x800b0598	CAC_800B0598	
0x800b0730	CAC_800B0730	
0x800b07b8	CAC_800B07B8	
0x800b0840	CAC_800B0840	
0x800b08e0	CAC_800B08E0	
0x800b0908	CAC_800B0908	
0x800b0924	CAC_800B0924	
0x800b09e0	CAC_800B09E0	
0x800b0b1c	_cac_UNUSED_800B0B1C	
0x800b0c38	CAC_800B0C38	
0x800b0d40	CAC_800B0D40	
0x800b0e24	CAC_800B0E24	
0x800b1740	CAC_800B1740	
0x800b1a6c	CAC_800B1A6C	
0x800b2528	CAC_800B2528	
0x800b25f8	CAC_800B25F8	
0x800b28a4	CBA_Callback_800B28A4	
0x800b29a0	CBA_Callback_800B29A0	
0x800b2a98	CBA_Callback_800B2A98	
0x800b2b60	CBA_Callback_800B2B60	
0x800b2d44	CBA_Callback_800B2D44	
0x800b2e78	CBA_Callback_800B2E78	
0x800b2f90	CBA_Callback_800B2F90	
0x800b301c	CBA_Callback_800B301C	
0x800b30cc	CBA_Callback_800B30CC	
0x800b318c	CBA_Callback_800B318C	
0x800b3274	CBA_Callback_800B3274	
0x800b33d8	CBA_Callback_800B33D8	
0x800b3504	CBA_Callback_800B3504	
0x800b38a4	CBA_Callback_800B38A4	
0x800b3a0c	CBA_Callback_800B3A0C	
0x800b3b94	CBA_Callback_800B3B94	
0x800b3c7c	CBA_Callback_800B3C7C	
0x800b3d44	CBA_Callback_800B3D44	
0x800b3ed4	CBA_Callback_800B3ED4	
0x800b3f84	CBA_Callback_800B3F84	
0x800b40d0	CBA_Callback_800B40D0	
0x800b424c	CBA_Callback_800B424C	
0x800b4790	CBA_Callback_800B4790	
0x800b4898	CBA_800B4898	
0x800b493c	CBA_800B493C	
0x800b4974	CBA_800B4974	
0x800b4a38	CBA_800B4A38	
0x800b4a70	CBA_800B4A70	
0x800b4a78	CBA_800B4A78	
0x800b4ab8	CBA_800B4AB8	
0x800b4af8	CBA_Callback_800B4AF8	
0x800b4b84	CBA_Callback_800B4B84	
0x800b4bd0	CBA_Callback_800B4BD0	
0x800b4c58	CBA_Callback_800B4C58	
0x800b4d0c	CBA_Callback_800B4D0C	
0x800b4d8c	CBA_Callback_800B4D8C	
0x800b4e10	CBA_Callback_800B4E10	
0x800b4e54	CBA_Callback_800B4E54	
0x800b4e98	CBA_Callback_800B4E98	
0x800b4f54	CBA_Callback_800B4F54	
0x800b4f94	CBA_Callback_800B4F94	
0x800b4ff8	CBA_Callback_800B4FF8	
0x800b505c	CBA_Callback_800B505C	
0x800b5104	CBA_Callback_800B5104	
0x800b5114	CBA_Callback_800B5114	
0x800b51c0	CBA_Callback_800B51C0	
0x800b520c	CBA_Callback_800B520C	
0x800b528c	CBA_Callback_800B528C	
0x800b530c	CBA_Callback_800B530C	
0x800b5348	CBA_Callback_800B5348	
0x800b53e0	CBA_Callback_800B53E0	
0x800b5474	CBA_Callback_800B5474	
0x800b54b4	CBB_Callback_800B54B4	
0x800b5ee0	CBB_Callback_800B5EE0	
0x800b60bc	CBB_Callback_800B60BC	
0x800b645c	CBB_Callback_800B645C	
0x800b69dc	CBB_Callback_800B69DC	
0x800b6fe0	CBB_Callback_800B6FE0	
0x800b7164	CBB_Callback_800B7164	
0x800b7264	CBB_Callback_800B7264	
0x800b74b8	CBB_Callback_800B74B8	
0x800b7fe0	CBB_Callback_800B7FE0	
0x800b8dc4	CBB_Callback_800B8DC4	
0x800b8f2c	CBB_Callback_800B8F2C	
0x800b9058	CBB_Callback_800B9058	
0x800b957c	CBB_Callback_800B957C	
0x800b973c	CBB_Callback_800B973C	
0x800b9bb8	CBB_Callback_800B9BB8	
0x800b9e94	CBB_Callback_800B9E94	
0x800ba160	CBB_Callback_800BA160	
0x800ba3c0	CBB_Callback_800BA3C0	
0x800ba53c	CBB_Callback_800BA53C	
0x800ba688	CBB_Callback_800BA688	
0x800ba838	CBB_Callback_800BA838	
0x800baa00	CBB_Callback_800BAA00	
0x800bac98	CBB_Callback_800BAC98	
0x800bae68	CBB_Callback_800BAE68	
0x800bafa0	CBB_Callback_800BAFA0	
0x800bb130	CBB_Callback_800BB130	
0x800bb364	CBB_Callback_800BB364	
0x800bb4f8	CBB_Callback_800BB4F8	
0x800bb718	CBB_Callback_800BB718	
0x800bb888	CBB_Callback_800BB888	
0x800bb99c	CBB_Callback_800BB99C	
0x800bc118	CBB_Callback_800BC118	
0x800bc250	CBB_Callback_800BC250	
0x800bc53c	CBB_Callback_800BC53C	
0x800bc638	CBB_800BC638	
0x800bc720	CBB_800BC720	
0x800bc808	CBB_800BC808	
0x800bc8ac	CBB_800BC8AC	
0x800bce70	CBB_800BCE70	
0x800bd3c4	CBB_800BD3C4	
0x800bd494	CBB_800BD494	
0x800bd5c0	CBB_800BD5C0	
0x800bd600	CBB_800BD600	
0x800bd610	CBB_800BD610	
0x800bd640	CBB_800BD640	
0x800bd65c	CBB_800BD65C	
0x800bd684	CBB_800BD684	
0x800bd68c	CBB_Callback_800BD68C	
0x800bd700	CBB_Callback_800BD700	
0x800bd790	CBB_Callback_800BD790	
0x800bd7cc	CBB_Callback_800BD7CC	
0x800bd840	CBB_Callback_800BD840	
0x800bd860	CBB_Callback_800BD860	
0x800bd894	CBB_Callback_800BD894	
0x800bd8ac	CBB_Callback_800BD8AC	
0x800bd934	CBB_Callback_800BD934	
0x800bd960	CBB_Callback_800BD960	
0x800bd98c	CBB_Callback_800BD98C	
0x800bda48	CBB_Callback_800BDA48	
0x800bda8c	CBB_Callback_800BDA8C	
0x800bdaf8	CCA_800BDAF8	
0x800be0f0	CCA_Callback_800BE0F0	
0x800be31c	CCA_Callback_800BE31C	
0x800be458	CCA_Callback_800BE458	
0x800be5c8	CCA_Callback_800BE5C8	
0x800be7a8	CCA_Callback_800BE7A8	
0x800be8d8	CCA_Callback_800BE8D8	
0x800bea78	CCA_800BEA78	
0x800beb84	CCA_Callback_800BEB84	
0x800becec	CCA_Callback_800BECEC	
0x800bee98	CCA_Callback_800BEE98	
0x800befd8	CCA_Callback_800BEFD8	
0x800bf0e0	CCA_Callback_800BF0E0	
0x800bf1ac	CCA_Callback_800BF1AC	
0x800bf3c0	CCA_Callback_800BF3C0	
0x800bf4c4	CCA_Callback_800BF4C4	
0x800bf6d8	CCA_800BF6D8	
0x800bf790	CCA_800BF790	
0x800bf9b8	CCA_800BF9B8	
0x800bfb08	CCA_800BFB08	
0x800bfd40	CCA_800BFD40	
0x800bfdd0	CCA_Callback_800BFDD0	
0x800bfeb0	CCA_Callback_800BFEB0	
0x800bffcc	CCA_Callback_800BFFCC	
0x800c006c	CCA_800C006C	
0x800c024c	CCA_800C024C	
0x800c027c	CCA_800C027C	
0x800c02bc	CCA_800C02BC	
0x800c02fc	CCA_800C02FC	
0x800c033c	CCA_800C033C	
0x800c0370	CCA_800C0370	
0x800c03c4	CCA_800C03C4	
0x800c0404	CCA_800C0404	
0x800c0444	CCA_Callback_800C0444	
0x800c04cc	CCA_Callback_800C04CC	
0x800c04d4	CCA_Callback_800C04D4	
0x800c0580	CCA_Callback_800C0580	
0x800c0600	CCA_Callback_800C0600	
0x800c0628	CCA_Callback_800C0628	
0x800c0630	CCA_Callback_800C0630	
0x800c0660	CCA_Callback_800C0660	
0x800c06ac	CCA_Callback_800C06AC	
0x800c06ec	CCA_Callback_800C06EC	
0x800c0744	CCA_Callback_800C0744	
0x800c0790	CCA_Callback_800C0790	
0x800c07e4	CCA_Callback_800C07E4	
0x800c0840	CCA_Callback_800C0840	
0x800c08d0	CCA_Callback_800C08D0	
0x800c0910	CCA_Callback_800C0910	
0x800c0950	CCA_Callback_800C0950	
0x800c09f0	CCA_Callback_800C09F0	
0x800c0a74	CCA_Callback_800C0A74	
0x800c0af8	CCA_Callback_800C0AF8	
0x800c0b5c	CCB_800C0B5C	
0x800c1468	CCB_800C1468	
0x800c197c	CCB_800C197C	
0x800c1a34	_ccb_800C1A34	
0x800c1d68	_ccb_800C1D68	
0x800c20ec	CCB_800C20EC	
0x800c2670	CCB_800C2670	
0x800c29d8	CCB_800C29D8	
0x800c2c30	CCB_800C2C30	
0x800c2c7c	_ccb_UNUSED_800C2C7C	
0x800c2cc4	CCB_Callback_800C2CC4	
0x800c2cd8	CCB_Callback_800C2CD8	
0x800c2cec	CCB_Callback_800C2CEC	
0x800c2d00	CCB_Callback_800C2D00	
0x800c2d14	CCB_Callback_800C2D14	
0x800c2d28	CCB_Callback_800C2D28	
0x800c2d44	CCC_Callback_800C2D44	
0x800c314c	CCC_Callback_800C314C	
0x800c4418	CCC_Callback_800C4418	
0x800c44b4	CCC_Callback_800C44B4	
0x800c45e0	CCC_800C45E0	
0x800c4620	CCC_800C4620	
0x800c4660	CCC_Callback_800C4660	
0x800c4668	CCC_Callback_800C4668	
0x800c4688	CCD_800C4688	
0x800c4690	CCD_800C4690	
0x800c4698	CCD_800C4698	
0x800c46a0	CCD_800C46A0	
0x800c46a8	CCD_800C46A8	
0x800c46b0	CCD_800C46B0	
0x800c46b8	CCD_800C46B8	
0x800c46c0	CCD_800C46C0	
0x800c46c8	CCD_800C46C8	
0x800c46d0	CCD_800C46D0	
0x800c46d8	Math__fixdfsi	
0x800c47d8	Math_dbl_shift	
0x800c4898	Math__fixunsdfsi	
0x800c4998	Math__floatsidf	
0x800c4ab8	Math_dbl_shift_us	
0x800c4b78	Math__floatsisf	
0x800c4c48	Math__lesf2	
0x800c4cf8	Math_err_math	
0x800c4d68	Math_sqrt	
0x800c4ea8	Math__adddf3	
0x800c5228	Math_add_mant_d	
0x800c52d8	Math__divdf3	
0x800c55b8	Math_comp_mant	
0x800c5608	Math__gtdf2	
0x800c56e8	Math__ltdf2	
0x800c57c8	Math_mainasu	
0x800c5838	Math__muldf3	
0x800c5b4c	Math_mul_mant_d	
0x800c5c38	PadCmd_PadSetAct	
0x800c5c78	PadCmd_PadSetActAlign	
0x800c5cf4	_padcmd_800C5CF4	
0x800c5d1c	_padcmd_800C5D1C	
0x800c5de8	PadCmd_PadSetMainMode	
0x800c5e84	_padcmd_800C5E84	
0x800c5edc	_padcmd_800C5EDC	
0x800c5f48	PadEntry_PadGetState	
0x800c6018	PadEntry_PadInfoMode	
0x800c6118	PadCom_PadStartCom	
0x800c61e4	PadCom_PadStopCom	
0x800c6228	PadDir_PadInitDirect	
0x800c62d8	PadDir_padInitDirPort	
0x800c63c8	_pad_dir_cb_800C63C8	
0x800c6430	_pad_dir_cb_800C6430	
0x800c6524	_pad_dir_cb_800C6524	
0x800c6534	_pad_dir_cb_800C6534	
0x800c65f0	_pad_dir_cb_800C65F0	
0x800c686c	_pad_dir_cb_800C686C	
0x800c688c	_pad_dir_cb_800C688C	
0x800c699c	_pad_dir_cb_800C699C	
0x800c6c08	PadDir_dirFailAuto	
0x800c6ce8	_pad_dir_cb_800C6CE8	
0x800c6d18	PadRes_padIsVsync	
0x800c6d80	PadRes_padIntPad	
0x800c6f10	PadRes_padInitSioMode	
0x800c7244	_pad_res_800C7244	
0x800c7334	PadRes_padSioRW	
0x800c7558	PadRes_padSioRW2	
0x800c77d4	PadRes_padClrIntSio0	
0x800c7864	PadRes_padWaitRXready	
0x800c788c	PadRes_padSetCmd	
0x800c789c	PadRes_padSendAtLoadInfo	
0x800c7920	PadRes_padRecvAtLoadInfo	
0x800c7b90	PadRes_padGetActSize	
0x800c7bc8	PadRes_padLoadActInfo	
0x800c7c9c	_pad_res_cb_800C7C9C	
0x800c7d44	_pad_res_cb_800C7D44	
0x800c813c	PadRes_padCmdParaMode	
0x800c815c	_pad_res_800C815C	
0x800c8170	_pad_res_800C8170	
0x800c8190	_pad_res_800C8190	
0x800c81b0	_pad_res_800C81B0	
0x800c81d0	_pad_res_800C81D0	
0x800c81e4	PadRes_padSetRC2wait	
0x800c8204	PadRes_padChkRC2wait	
0x800c82a4	_pad_res_cb_800C82A4	
0x800c82ec	_pad_res_cb_800C82EC	
0x800c83c4	_pad_res_cb_800C83C4	
0x800c8470	_pad_res_cb_800C8470	
0x800c858c	_pad_res_cb_800C858C	
0x800c8b88	Mcrd_MemCardInit	
0x800c8bb8	Mcrd_MemCardEnd	
0x800c8bd8	Card_bu_init	
0x800c8be8	Card_InitCARD	
0x800c8c78	Card_StartCARD	
0x800c8cc0	Card_StopCARD	
0x800c8ce8	Card_InitCARD2	
0x800c8cf8	Card_StartCARD2	
0x800c8d08	Card_StopCARD2	
0x800c8d18	Card_patch_card_info	
0x800c8d5c	_card_patch_800C8D5C	
0x800c8d88	_card_patch_800C8D88	
0x800c8df4	Card_patch_card	
0x800c8e88	Card_patch_card2	
0x800c8ef8	Card_copy_memcard_patch	
0x800c8f38	Card_ExitCard	
0x800c8fa8	_libcard_end_padding_a8	
0x800c8fb4	_libcard_end_padding_b4	
0x800c8fb8	Mcrd_PushCallbackFunc	
0x800c8fe0	Mcrd_PullCallbackFunc	
0x800c9008	Mcrd_McrdGetGlobalStructure	
0x800c9014	Mcrd_MemCardStart	
0x800c9084	Mcrd_MemCardStop	
0x800c90c4	Mcrd_MemCardExist	
0x800c912c	_mcrd_800C912C	
0x800c9448	Mcrd_MemCardAccept	
0x800c94b0	_mcrd_800C94B0	
0x800c9758	Mcrd_MemCardOpen	
0x800c98e0	Mcrd_MemCardClose	
0x800c9924	Mcrd_MemCardReadData	
0x800c99dc	_mcrd_800C99DC	
0x800c9b8c	Mcrd_MemCardWriteData	
0x800c9c44	_mcrd_800C9C44	
0x800c9df0	Mcrd_MemCardReadFile	
0x800c9f08	_mcrd_800C9F08	
0x800ca010	Mcrd_MemCardWriteFile	
0x800ca128	_mcrd_800CA128	
0x800ca230	Mcrd_MemCardGetDirentry	
0x800ca48c	Mcrd_MemCardCallback	
0x800ca4a0	Mcrd_MemCardSync	
0x800ca5bc	Mcrd_MemCardCreateFile	
0x800ca6b8	Mcrd_MemCardFormat	
0x800ca72c	_mcrd_800CA72C	
0x800ca780	_mcrd_800CA780	
0x800ca82c	_mcrd_loadMCPathStem	
0x800ca888	Card_card_info	
0x800ca898	Card_card_load	
0x800ca8a8	Card_card_clear	
0x800ca8e8	Card_card_write	
0x800ca8f8	Card_new_card	
0x800ca908	Mcrd_UserFuncInit	
0x800ca918	Mcrd_UserFuncOpen	
0x800ca994	Mcrd_UserFuncExecute	
0x800caa00	Mcrd_UserFuncComplete	
0x800caa18	Mcrd_funcEvSpIOE	
0x800caa2c	Mcrd_funcEvSpError	
0x800caa40	Mcrd_funcEvSpTimeout	
0x800caa54	Mcrd_funcEvSpNewcard	
0x800caa68	Mcrd_funcEvSpIOEx	
0x800caa7c	Mcrd_funcEvSpErrorx	
0x800caa90	Mcrd_funcEvSpTimeoutx	
0x800caaa4	Mcrd_funcEvSpNewcardx	
0x800caab8	Mcrd_card_open	
0x800caae8	Mcrd_card_start	
0x800cacc4	Mcrd_card_close	
0x800cace4	Mcrd_card_stop	
0x800cad98	Mcrd_clr_card_event	
0x800caea0	Mcrd_get_card_event	
0x800caf78	Mcrd_get_card_event_x	
0x800cb050	Mcrd_chk_card_event	
0x800cb08c	Mcrd_chk_card_event_x	
0x800cb0c8	Mcrd_card_format2	
0x800cb498	Mcrd_card_create2	
0x800cbb58	Card_card_read	
0x800cbb68	Mcrd_MemCardUnformat	
0x800cbc18	Spu_SpuClearReverbWorkArea	
0x800cbdb8	Spu_spu_init	
0x800cc038	Spu_spu_FiDMA	
0x800cc1f8	_spu_800CC1F8	
0x800cc2b4	Spu_spu_Fr_	
0x800cc35c	Spu_spu_t	
0x800cc5dc	Spu_spu_Fw	
0x800cc660	Spu_spu_Fr	
0x800cc6c4	Spu_spu_FsetRXX	
0x800cc708	Spu_spu_FsetRXXa	
0x800cc7ac	Spu_spu_FgetRXXa	
0x800cc7e8	Spu_spu_FsetPCR	
0x800cc840	_spu_800CC840	
0x800cc868	_spu_800CC868	
0x800cc890	Spu_spu_Fw1ts	
0x800cc8f8	Spu_SpuInit	
0x800cc9e0	Spu_SpuStart	
0x800cca58	Spu_SpuDataCallback	
0x800cca88	Spu_SpuIsInAllocateArea	
0x800ccb08	Spu_SpuIsInAllocateArea_	
0x800ccb98	Spu_SpuSetTransferMode	
0x800ccbc8	Spu_SpuSetCommonCDVolume	
0x800ccbe8	Spu_SpuSetCommonCDMix	
0x800ccc28	SoundSs_SsSndSetAccele	
0x800cce04	SoundSs_SsSeqSetAccelerando	
0x800cce38	SoundSs_SsSepSetAccelerando	
0x800cce68	SoundSs_SsSeqCalledTbyT	
0x800cd0d8	SoundSs_SsSndCrescendo	
0x800cd2e8	SoundSs_SsSndPause	
0x800cd388	SoundSs_SsSndPlay	
0x800cd3b8	SoundMidi_SsSeqPlay	
0x800cd4b4	SoundMidi_SsSeqGetEof	
0x800cd6f8	SoundMidi_SsGetSeqData	
0x800cdaa8	SoundMidi_SsReadDeltaValue	
0x800cdb58	SoundSs_SsSndNextSep	
0x800cdc58	SoundSs_SsSndReplay	
0x800cdcb8	_snd_ssclose_800CDCB8	
0x800cde34	SoundSs_SsSeqClose	
0x800cde58	SoundSs_SsSepClose	
0x800cde88	SoundSs_SsSndSetCres	
0x800cdf28	SoundSs_SsSeqSetCrescendo	
0x800cdfa4	SoundSs_SsSepSetCrescendo	
0x800ce048	SoundSs_SsSndSetDecres	
0x800ce0ec	SoundSs_SsSeqSetDecrescendo	
0x800ce16c	SoundSs_SsSepSetDecrescendo	
0x800ce218	SoundSs_SsEnd	
0x800ce2c8	SoundSs_SsInitInternal	
0x800ce368	SoundSs_SsInit	
0x800ce3a8	SoundSs_SpuInit	
0x800ce3c8	SoundSs_SsIsEos	
0x800ce408	SoundSs_SsSeqOpen	
0x800ce698	SoundMidi_SsContBankChange	
0x800ce718	SoundMidi_SsContDataEntry	
0x800cea98	SoundMidi_SsContMainVol	
0x800ceb68	SoundMidi_SsContPanpot	
0x800cec38	SoundMidi_SsContExpression	
0x800ced28	SoundMidi_SsContDamper	
0x800cedd8	SoundMidi_SsContExternal	
0x800cee68	SoundMidi_SsContNrpn1	
0x800cef68	SoundMidi_SsContNrpn2	
0x800cf0a8	SoundMidi_SsContRpn1	
0x800cf118	SoundMidi_SsContRpn2	
0x800cf188	SoundMidi_SsContResetAll	
0x800cf248	SoundMidi_SsSetNrpnVabAttr0	
0x800cf2d8	SoundMidi_SsSetNrpnVabAttr1	
0x800cf398	SoundMidi_SsSetNrpnVabAttr2	
0x800cf428	SoundMidi_SsSetNrpnVabAttr3	
0x800cf4b8	SoundMidi_SsSetNrpnVabAttr4	
0x800cf568	SoundUt_SsUtResolveADSR	
0x800cf5c4	SoundUt_SsUtBuildADSR	
0x800cf668	SoundMidi_SsSetNrpnVabAttr5	
0x800cf728	SoundMidi_SsSetNrpnVabAttr6	
0x800cf7d8	SoundMidi_SsSetNrpnVabAttr7	
0x800cf888	SoundMidi_SsSetNrpnVabAttr8	
0x800cf938	SoundMidi_SsSetNrpnVabAttr9	
0x800cf9f8	SoundMidi_SsSetNrpnVabAttr10	
0x800cfaa8	SoundMidi_SsSetNrpnVabAttr11	
0x800cfb58	SoundMidi_SsSetNrpnVabAttr12	
0x800cfc38	SoundMidi_SsSetNrpnVabAttr13	
0x800cfcd8	SoundMidi_SsSetNrpnVabAttr14	
0x800cfd78	SoundMidi_SsSetNrpnVabAttr15	
0x800cfda8	SoundMidi_SsSetNrpnVabAttr16	
0x800cfdd8	SoundMidi_SsSetNrpnVabAttr17	
0x800cfe08	SoundMidi_SsSetNrpnVabAttr18	
0x800cfe38	SoundMidi_SsSetNrpnVabAttr19	
0x800cfe68	SoundMidi_SsSetPitchBend	
0x800cff18	SoundMidi_SsSetControlChange	
0x800d0148	SoundMidi_SsGetMetaEvent	
0x800d0318	SoundMidi_SsNoteOn	
0x800d03f8	SoundMidi_SsSetProgramChange	
0x800d0468	SoundSs_SsInitSoundSeq	
0x800d07b8	SoundSs_SsSndSetPauseMode	
0x800d0884	SoundSs_SsSeqPause	
0x800d08ac	SoundSs_SsSepPause	
0x800d08d8	SoundSs_SsSeqPlay	
0x800d0918	SoundSs_SsPlayBack	
0x800d09d8	SoundSs_SsQuit	
0x800d09f8	Spu_SpuQuit	
0x800d0a78	SoundSs_SsSndSetReplayMode	
0x800d0b14	SoundSs_SsSeqReplay	
0x800d0b3c	SoundSs_SsSepReplay	
0x800d0b68	SoundSs_SetPlayMode	
0x800d0c88	SoundSs_SsSetSerialAttr	
0x800d0d48	Spu_SpuSetCommonAttr	
0x800d10c8	SoundSs_SsSetMVol	
0x800d1118	_snd_ssstart_800D1118	
0x800d1348	SoundSs_SsStart	
0x800d1368	SoundSs_SsStart2	
0x800d1388	_snd_ssstart_800D1388	
0x800d13d4	_snd_ssstart_800D13D4	
0x800d1428	SoundSs_SsSndStop	
0x800d15a8	SoundSs_SsSeqStop	
0x800d15d0	SoundSs_SsSepStop	
0x800d1608	SoundSs_SsSetSerialVol	
0x800d1718	SoundSs_SsSetTableSize	
0x800d1938	SoundSs_SsSetTickMode	
0x800d1a88	SoundSs_SsSndSetVol	
0x800d1b18	SoundSs_SsSeqSetVol	
0x800d1b80	SoundSs_SsSepSetVol	
0x800d1c18	SoundSs_SsSeqGetVol	
0x800d1c58	SoundSs_SsSndTempo	
0x800d1e78	SoundSs_SsSndSetVolData	
0x800d1ee8	SoundUt_SsUtAllKeyOff	
0x800d2038	Spu_SpuSetVoiceAttr	
0x800d2638	Spu_spu_note2pitch	
0x800d2708	Spu_spu_pitch2note	
0x800d2838	SoundUt_SsUtGetProgAtr	
0x800d2948	SoundUt_SsUtGetVagAtr	
0x800d2b88	SoundUt_SsUtSetReverbDelay	
0x800d2bc8	Spu_SpuSetReverbModeParam	
0x800d30a8	Spu_spu_setReverbAttr	
0x800d3578	SoundUt_SsUtSetReverbDepth	
0x800d3608	SoundUt_SsUtSetReverbType	
0x800d36a8	SoundUt_SpuSetReverb	
0x800d3798	SoundUt_SsUtSetReverbFeedback	
0x800d37d8	SoundUt_SsUtReverbOff	
0x800d37f8	SoundUt_SsUtReverbOn	
0x800d3818	SoundUt_SsUtSetVagAtr	
0x800d39e8	SoundVm_SsVmDamperOff	
0x800d39f8	SoundVm_SsVmDamperOn	
0x800d3a08	SoundVm_SsVmFlush	
0x800d3ed8	Spu_SpuSetNoiseVoice	
0x800d3f08	Spu_SpuSetAnyVoice	
0x800d41c8	Spu_SpuGetNoiseVoice	
0x800d41f8	Spu_SpuGetAnyVoice	
0x800d4228	Spu_SpuSetReverbVoice	
0x800d4258	Spu_SpuGetReverbVoice	
0x800d4288	Spu_SpuSetKey	
0x800d4448	Spu_SpuGetVoiceEnvelope	
0x800d4468	SoundVm_SsVmInit	
0x800d47b8	Spu_SpuInitMalloc	
0x800d4818	Spu_spu_setInTransfer	
0x800d4840	Spu_spu_getInTransfer	
0x800d4858	SoundVm_SsVmKeyOn	
0x800d4d74	SoundVm_SsVmKeyOff	
0x800d4ed4	SoundVm_SsVmSeKeyOn	
0x800d4fc0	SoundVm_SsVmSeKeyOff	
0x800d4ff8	SoundVm_SsVmAlloc	
0x800d5268	SoundVm_SsVmDoAllocate	
0x800d5438	SoundVm_note2pitch	
0x800d5484	SoundVm_note2pitch2	
0x800d54ec	SoundVm_SsPitchFromNote	
0x800d5618	SoundVm_vmNoiseOn	
0x800d5b88	Spu_SpuSetNoiseClock	
0x800d5bd8	SoundVm_vmNoiseOff	
0x800d5c18	SoundVm_SsVmKeyOffNow	
0x800d5cd8	SoundVm_SsVmKeyOnNow	
0x800d61a8	SoundVm_SsVmPBVoice	
0x800d6394	SoundVm_SsVmPitchBend	
0x800d6478	SoundVm_SsVmSetProgVol	
0x800d64e8	SoundVm_SsVmSetSeqVol	
0x800d6a54	SoundVm_SsVmGetSeqVol	
0x800d6ab8	SoundVm_SsVmSeqKeyOff	
0x800d6b68	SoundVm_SsVmSelectToneAndVag	
0x800d6c38	SoundVs_SsVmSetVol	
0x800d71d8	SoundVs_SsVmVSetUp	
0x800d7298	SoundVs_SsSetMono	
0x800d72a8	SoundVs_SsSetStereo	
0x800d72b8	SoundVs_SsSetReservedVoice	
0x800d72e8	SoundVs_SsVabClose	
0x800d7398	Spu_SpuFree	
0x800d7418	Spu_gcSPU	
0x800d7718	SoundVs_SsVabOpenHead	
0x800d774c	_snd_vs_vh2_800D774C	
0x800d77b8	Spu_SpuMalloc	
0x800d7a88	SoundVs_SsVabOpenHeadSticky	
0x800d7abc	SoundVs_SsVabFakeHead	
0x800d7af8	SoundVs_SsVabOpenHeadWithMode	
0x800d7ee8	SoundVs_SsVabTransBodyPartly	
0x800d8078	Spu_SpuSetTransferStartAddr	
0x800d80d8	Spu_SpuWritePartly	
0x800d8168	SoundVs_SsVabTransCompleted	
0x800d8198	Spu_SpuIsTransferCompleted	
0x800d8248	EtcVid_VSync	
0x800d83c0	_etc_vsync_800D83C0	
0x800d8458	EtcIntr_ResetCallback	
0x800d8488	EtcIntr_InterruptCallback	
0x800d84b8	EtcIntr_DmaCallback	
0x800d84e8	EtcIntr_VSyncCallback	
0x800d851c	EtcIntr_VSyncCallbacks	
0x800d854c	EtcIntr_StopCallback	
0x800d857c	EtcIntr_RestartCallback	
0x800d85ac	EtcIntr_CheckCallback	
0x800d85bc	EtcIntr_GetIntrMask	
0x800d85d4	EtcIntr_SetIntrMask	
0x800d85ec	_etc_intr_cb_800D85EC	
0x800d86c4	_etc_intr_800D86C4	
0x800d8894	_etc_intr_cb_800D8894	
0x800d89dc	_etc_intr_cb_800D89DC	
0x800d8a7c	_etc_intr_cb_800D8A7C	
0x800d8af4	_etc_intr_800D8AF4	
0x800d8b18	EtcIntr_startIntrVSync	
0x800d8b70	_etc_intrvb_800D8B70	
0x800d8bdc	_etc_intrvb_800D8BDC	
0x800d8c08	_etc_intrvb_800D8C08	
0x800d8c38	EtcIntr_startIntrDma	
0x800d8c84	_etc_intrdma_800D8C84	
0x800d8e04	_etc_intrdma_800D8E04	
0x800d8eb0	_etc_intrdma_800D8EB0	
0x800d8ed8	EtcVid_SetVideoMode	
0x800d8eec	EtcVid_GetVideoMode	
0x800d8f08	CdDrive_StSetRing	
0x800d8f38	CdDrive_CdInit	
0x800d8fc8	_cddrive_event_800D8FC8	
0x800d9004	_cddrive_event_cb_800D9004	
0x800d902c	_cddrive_event_cb_800D902C	
0x800d9054	_cddrive_event_cb_800D9054	
0x800d9088	CdDrive_CdPosToInt	
0x800d9108	CdDrive_CdSearchFile	
0x800d93e0	_cddrive_iso_CompareString4	
0x800d9400	CdDrive_CdNewMedia	
0x800d96c4	_cddrive_iso_800D96C4	
0x800d9768	CdDrive_CdCacheFile	
0x800d9a04	_cddrive_iso_800D9A04	
0x800d9a78	CdDrive_CdRead2	
0x800d9afc	CdDrive_CdRead2_ReadyCallback	
0x800d9b28	CdDrive_StClearRing	
0x800d9b88	CdDrive_DataReadyCallback	
0x800d9c14	CdDrive_StGetBackloc	
0x800d9c78	CdDrive_StSetStream	
0x800d9d08	CdDrive_StFreeRing	
0x800d9db8	CdDrive_InitRingStatus	
0x800d9df8	CdDrive_StGetNext	
0x800d9eb8	CdDrive_StSetMask	
0x800d9ed8	CdDrive_StCdInterrupt	
0x800da7f4	_cddrive_800DA7F4	
0x800da820	_cddrive_800DA820	
0x800da9c8	_cddrive_800DA9C8	
0x800daf2c	CdDrive_BiosCdSync	
0x800db1ac	CdDrive_BiosCdReady	
0x800db474	CdDrive_CDcw	
0x800db880	CdDrive_BiosCdVol	
0x800db908	CdDrive_BiosFlush	
0x800db9dc	CdDrive_BiosCdInitVol	
0x800dbacc	CdDrive_BiosCdInitIntr	
0x800dbb18	CdDrive_BiosCdInit	
0x800dbcf8	CdDrive_BiosCdDatasync	
0x800dbe6c	_cddrive_bios_800DBE6C	
0x800dbf48	CdDrive_CdIntToPos	
0x800dc058	CdDrive_CdSetDebug	
0x800dc078	CdDrive_CdSync	
0x800dc098	CdDrive_CdReady	
0x800dc0b8	CdDrive_CdReadyCallback	
0x800dc0d8	CdDrive_CdControl	
0x800dc214	CdDrive_CdControlF	
0x800dc348	CdDrive_CdControlB	
0x800dc498	CdDrive_CdMix	
0x800dc4b8	CdDrive_CdGetSector	
0x800dc4d8	CdDrive_CD_getsector	
0x800dc5d8	CdDrive_CdGetSector2	
0x800dc5f8	CdDrive_CD_getsector2	
0x800dc6e8	CdDrive_CdDataCallback	
0x800dc718	CdDrive_CdDataSync	
0x800dc738	_cddrive_cdr1_800DC738	
0x800dc76c	_cddrive_cdr1_800DC76C	
0x800dc9e0	_cddrive_cdr1_800DC9E0	
0x800dcab0	_cddrive_cdr1_800DCAB0	
0x800dcc98	CdDrive_CdReadBreak	
0x800dce38	CdDrive_CdRead	
0x800dcfd4	CdDrive_CdReadSync	
0x800dd0d8	CdDrive_CdStatus	
0x800dd0e8	CdDrive_CdMode	
0x800dd0f8	CdDrive_CdLastPos	
0x800dd108	CdDrive_CdFlush	
0x800dd128	CdDrive_CdSyncCallback	
0x800dd148	CdDrive_CdReadCallback	
0x800dd168	GTE_ccos	
0x800dd238	GTE_csincos	
0x800dd358	GTE_csin_1	
0x800dd3f8	GTE_csin	
0x800dd538	GpuSys_ResetGraph	
0x800dd6ac	GpuSys_SetGraphDebug	
0x800dd708	GpuSys_SetGraphQueue	
0x800dd7ac	GpuSys_GetGraphDebug	
0x800dd7bc	GpuSys_DrawSyncCallback	
0x800dd81c	GpuSys_SetDispMask	
0x800dd8b4	GpuSys_DrawSync	
0x800dd91c	_gpusys_800DD91C	
0x800dda38	GpuSys_ClearImage	
0x800ddac8	GpuSys_ClearImage2	
0x800ddb60	GpuSys_LoadImage	
0x800ddbc0	GpuSys_StoreImage	
0x800ddc20	GpuSys_MoveImage	
0x800ddcd8	GpuSys_ClearOTag	
0x800ddda0	GpuSys_ClearOTagR	
0x800dde4c	GpuSys_DrawPrim	
0x800ddea8	GpuSys_DrawOTag	
0x800ddf18	GpuSys_PutDrawEnv	
0x800ddfd8	GpuSys_DrawOTagEnv	
0x800de0b0	GpuSys_GetDrawEnv	
0x800de0e4	GpuSys_PutDispEnv	
0x800de5dc	GpuSys_GetDispEnv	
0x800de610	GpuSys_GetODE	
0x800de640	GpuSys_SetDrawArea	
0x800de6c0	GpuSys_SetDrawOffset	
0x800de700	GpuSys_SetDrawEnv	
0x800de8f8	_gpusys_800DE8F8	
0x800deb68	_gpusys_800DEB68	
0x800deb88	_gpusys_800DEB88	
0x800dec20	_gpusys_800DEC20	
0x800decb8	_gpusys_800DECB8	
0x800decd4	_gpusys_800DECD4	
0x800ded54	_gpusys_cb_800DED54	
0x800ded6c	_gpusys_cb_800DED6C	
0x800dee4c	_gpusys_cb_800DEE4C	
0x800df07c	_gpusys_cb_800DF07C	
0x800df2b8	_gpusys_cb_800DF2B8	
0x800df538	_gpusys_cb_800DF538	
0x800df54c	_gpusys_cb_800DF54C	
0x800df554	_gpusys_cb_800DF554	
0x800df594	_gpusys_cb_800DF594	
0x800df5dc	_gpusys_800DF5DC	
0x800df60c	_gpusys_800DF60C	
0x800df630	_gpusys_cb_800DF630	
0x800df8e0	_gpusys_cb_800DF8E0	
0x800dfb40	_gpusys_cb_800DFB40	
0x800dfc7c	_gpusys_cb_800DFC7C	
0x800dfdb8	_gpusys_800DFDB8	
0x800dfdec	_gpusys_800DFDEC	
0x800dff30	_gpusys_800DFF30	
0x800dffd0	GpuSys_LoadImage2	
0x800e00bc	GpuSys_StoreImage2	
0x800e01a8	GpuSys_MoveImage2	
0x800e02ec	GpuSys_DrawOTag2	
0x800e03e8	GpuSys_GPUResetCallback	
0x800e0410	_gpusys_800E0410	
0x800e0438	Gpu_SetDefDrawEnv	
0x800e04f8	Gpu_SetDefDispEnv	
0x800e0538	Gpu_GetTPage	
0x800e0578	Gpu_AddPrim	
0x800e05b8	Gpu_SetSemiTrans	
0x800e05e8	Gpu_SetPolyG3	
0x800e0608	Gpu_SetPolyF4	
0x800e0628	Gpu_SetPolyFT4	
0x800e0648	Gpu_SetPolyG4	
0x800e0668	Gpu_SetSprt	
0x800e0688	Gpu_SetTile	
0x800e06a8	Press_DecDCTReset	
0x800e06dc	Press_DecDCTGetEnv	
0x800e0768	Press_DecDCTPutEnv	
0x800e0800	Press_DecDCTin	
0x800e087c	Press_DecDCTout	
0x800e089c	Press_DecDCTinSync	
0x800e08d8	Press_DecDCToutSync	
0x800e0920	Press_DecDCTinCallback	
0x800e0944	Press_DecDCToutCallback	
0x800e0968	_press_800E0968	
0x800e0a58	_press_800E0A58	
0x800e0ae8	_press_800E0AE8	
0x800e0b74	_press_800E0B74	
0x800e0c08	_press_800E0C08	
0x800e0c9c	_press_800E0C9C	
0x800e0cb4	_press_800E0CB4	
0x800e0d38	Press_VLC_DecDCTvlcSize2	
0x800e0d68	Press_VLC_DecDCTvlc2	
0x800e10b8	Press_Build_DecDCTv1cBuild	
0x800e11a8	LibC_exit	
0x800e11b8	_libc_a56_garbage	
0x800e11c0	LibC_puts	
0x800e11d8	LibC_setjmp	
0x800e11e8	LibC_strcat	
0x800e11f8	LibC_strcmp	
0x800e1208	LibC_strncmp	
0x800e1218	LibC_strcpy	
0x800e1228	LibC_strncpy	
0x800e1238	LibC_bzero	
0x800e1248	LibC_memcpy	
0x800e1258	LibC_memset	
0x800e1268	LibC_rand	
0x800e1278	LibC_printf	
0x800e1288	LibC_bcmp	
0x800e12c8	PsApi_InitHeap	
0x800e12d8	PsApi_FlushCache	
0x800e12e8	PsApi_GPU_cw	
0x800e12f8	_libapi_c73_garbage	
0x800e1300	PsApi_96_remove	
0x800e1318	PsApi_DeliverEvent	
0x800e1328	PsApi_OpenEvent	
0x800e1338	PsApi_CloseEvent	
0x800e1348	PsApi_WaitEvent	
0x800e1358	PsApi_TestEvent	
0x800e1368	PsApi_EnableEvent	
0x800e1378	PsApi_DisableEvent	
0x800e1388	PsApi_ReturnFromException	
0x800e1398	PsApi_ResetEntryInt	
0x800e13a8	PsApi_HookEntryInt	
0x800e13b8	PsApi_EnterCriticalSection	
0x800e13c8	PsApi_ExitCriticalSection	
0x800e13d8	PsApi_open	
0x800e13e8	PsApi_lseek	
0x800e13f8	PsApi_read	
0x800e1408	PsApi_write	
0x800e1418	PsApi_close	
0x800e1428	PsApi_nextfile	
0x800e1438	PsApi_ChangeClearPAD	
0x800e1448	PsApi_SysEnqIntRP	
0x800e1458	PsApi_SysDeqIntRP	
0x800e1468	PsApi_ChangeClearRCnt	
0x800e1478	PsApi_Counter_SetRCnt	
0x800e1514	PsApi_Counter_GetRCnt	
0x800e154c	PsApi_Counter_StartRCnt	
0x800e157c	PsApi_Counter_StopRCnt	
0x800e15b0	PsApi_Counter_ResetRCnt	
0x800e15e8	PsApi_First_firstfile	
0x800e1784	_api_first_800E1784	
0x800e1888	PsApi_firstfile2	
0x800e1898	_api_pad_800E1898	
0x800e18a4	_api_pad_800E18A4	
0x800e18b4	PsApi_PADInit	
0x800e1944	PsApi_InitPAD	
0x800e19d4	PsApi_StartPAD	
0x800e1a04	_api_pad_800E1A04	
0x800e1a7c	_api_pad_800E1A7C	
0x800e1b28	PsApi_InitPAD2	
0x800e1b38	PsApi_StartPAD2	
0x800e1b48	PsApi_PADInit2	
0x800e1b58	PsApi_Patch_EnablePAD	
0x800e1b6c	PsApi_Patch_DisablePAD	
0x800e1b80	PsApi_Patch_patchPad	
0x800e1bf8	PsApi_ChclrPad_removeChgclrPAD	
0x800e1c68	Sn_PCopen	
0x800e1c88	Sn_PCclose	
0x800e1c98	Sn_PClseek	
0x800e1cbc	Sn_PCcreat	
0x800e1cdc	Sn_PCread	
0x800e1d98	Sn_SN_read	
0x800e1db0	Sn_PCwrite	
0x800e1e6c	Sn_SN_write	
0x800e1e84	sStrRave	
0x800e1e90	sStrWinkySoft	
0x800e1eac	_cdfile_dat_800e1eac	
0x800e1f20	_cdfile_dat_800e1f20	
0x800e1f60	_cdfile_dat_800e1f60	
0x800e1f68	gFilePos	
0x800e1f9c	sFileMemsize	gFileMemsize
0x800e1fd0	sFileNames	gFileNames
0x800e2004	sAudioCallbacks	
0x800e2064	sGfxACallbacks	
0x800e20e4	gVoiceTable1	
0x800e215c	gVoiceTable2	
0x800e88a8	gFilePosBgm	
0x800e89a8	_resbgm_dat_800e89a8	
0x800e8ae8	gFilePosSe	
0x800e8c28	gFilePosSystem	
0x800e8de8	gFileSizeSystem	
0x800e8fa8	gFilePosFace	
0x800e92a8	gFileSizeFace	
0x800e95a8	gFilePosScreen	
0x800e99e8	gFileSizeScreen	
0x800e9e28	gFilePosUnit	
0x800ea628	gFileSizeUnit	
0x800eae28	gFilePosSce	
0x800eb228	gFilePosField	
0x800eb528	gFileSizeField	
0x800eb828	gFilePosAnime	
0x800ec1a8	gFilePosEffect	
0x800ecb28	gFileSizeEffect	
0x800ed4a8	_gfxc_dat_800ed4a8	
0x800ed4b8	_gfxc_dat_800ed4b8	
0x800ed538	sGfxCCallbacks	
0x800ed584	_gfxb_dat_800ed584	
0x800ed5a4	_gfxb_dat_800ed5a4	
0x800ed5b4	_udat5_dat_800ed5b4	
0x800f0100	_udat5_dat_800f0100	
0x800f9000	_udat5_dat_800f9000	
0x800fa754	_udat6_dat_800fa754	
0x800fa764	_udat6_dat_800fa764	
0x800fa774	_udat6_dat_800fa774	
0x800fa784	_udat6_dat_800fa784	
0x800fa794	_udat6_dat_800fa794	
0x800fa7a4	_mcsave_dat_800fa7a4	
0x800fa7ac	_mcsave_dat_800fa7ac	
0x800fa7b4	gSceCallbacks	
0x800fabb4	_cbm_dat_800fabb4	
0x800facb4	gMccbCallbacksA	
0x800fad14	gMccbCallbacksB	
0x800fad54	gMccbCallbacksC	
0x800fad94	gS8CallbacksA	
0x800fae34	gS8CallbacksB	
0x800fae74	gS8CallbacksC	
0x800faeb4	_c8_dat_800faeb4	
0x800faec4	_c8_dat_800faec4	
0x800faed4	_c8_dat_800faed4	
0x800faee0	gS9CallbacksA	
0x800faf14	gS9CallbacksB	
0x800faf28	gS9CallbacksC	
0x800faf38	gS9CallbacksD	
0x800faf48	gS9CallbacksE	
0x800faf6c	gS9CallbacksF	
0x800faf98	gS9CallbacksG	
0x800fafac	gS9CallbacksH	
0x800fb000	gS9CallbacksI	
0x800fb008	gS9CallbacksJ	
0x800fb070	gSAACallbacksA	
0x800fb1f0	gSAACallbacksB	
0x800fb210	gSAACallbacksC	
0x800fb290	gSBACallbacksA	
0x800fb2d0	gSBACallbacksB	
0x800fb344	gSBBCallbacks	
0x800fb408	gSCACallbacksA	
0x800fb438	gSCACallbacksB	
0x800fb464	gSCACallbacksC	
0x800fb488	gSCACallbacksD	
0x800fb4ac	gSCCCallbacksA	
0x800fb4bc	gSCCCallbacksB	
0x800fb4c4	_libmath_ferr_00	
0x800fb4cc	math_errno	
0x800fb4d0	math_err_point	
0x800fb4d4	_libpad_maiini_00	
0x800fb4e4	_libpad_dirres_00	
0x800fb4f4	_libpad_res_00	
0x800fb4fc	_padFuncNextPort	
0x800fb500	_padFuncClrInfo	
0x800fb504	_padFuncGetTxd	
0x800fb508	_padFuncCurrLimit	
0x800fb50c	_padFuncPtr2Port	
0x800fb510	_padFuncPort2Info	
0x800fb514	_padFuncSendAuto	
0x800fb518	_padFuncChkEng	
0x800fb51c	_padFuncRecvAuto	
0x800fb520	_padFuncClrCmdNo	
0x800fb524	_padFuncIntGun	
0x800fb528	_padFuncSetGunPort	
0x800fb52c	_padFuncGetGunPos	
0x800fb530	_padInfoDir	
0x800fb534	_padIntExec	
0x800fb538	_padGunExec	
0x800fb53c	_padSioChan	
0x800fb540	_padSioState	
0x800fb544	_padTotalCurr	
0x800fb548	_padModeMtap	
0x800fb54c	_padChanStart	
0x800fb550	_padChanStop	
0x800fb554	_padFixResult	
0x800fb55c	_padVsyncParam	
0x800fb5f4	_spu_RXX	
0x800fb60c	_spu_tsa	
0x800fb610	_spu_transMode	
0x800fb614	_spu_addrMode	
0x800fb618	_spu_mem_mode	
0x800fb61c	_spu_mem_mode_plus	
0x800fb620	_spu_mem_mode_unit	
0x800fb624	_spu_mem_mode_unitM	
0x800fb628	_spu_inTransfer	
0x800fb62c	_spu_transferCallback	
0x800fb630	_spu_IRQCallback	
0x800fb654	_libspu_ini_00	
0x800fb65c	_spu_EVdma	
0x800fb660	_spu_keystat	
0x800fb664	_spu_trans_mode	
0x800fb668	_spu_rev_flag	
0x800fb66c	_spu_rev_reserve_wa	
0x800fb670	_spu_rev_offsetaddr	
0x800fb674	_spu_rev_attr	
0x800fb688	_spu_RQvoice	
0x800fb68c	_spu_RQmask	
0x800fb690	_spu_voice_centerNote	
0x800fb6be	_libspu_ini_6a	
0x800fb6c0	_spu_env	
0x800fb6c4	_spu_isCalled	
0x800fb6d4	_spu_AllocBlockNum	
0x800fb6d8	_spu_AllocLastNum	
0x800fb6dc	_spu_memList	
0x800fb6e4	_spu_zerobuf	
0x800fbae4	_spu_rev_startaddr	
0x800fbb14	_spu_rev_workareasize	
0x800fbb44	_snd_seq_tick_env	
0x800fbb56	_libsnd_start_12	
0x800fbb7a	_libspu_n2p_16	
0x800fbc7a	_libspu_n2p_116	
0x800fbc84	_spu_rev_param	
0x800fc074	Hcount	
0x800fc0de	_libetc_intr_5a	
0x800fd1a4	Vcount	
0x800fd204	CD_cbread	
0x800fd208	CD_read_dma_mode	
0x800fd2dc	debug_cause	
0x800fd2ec	CD_cbsync	
0x800fd2f0	CD_cbready	
0x800fd2f4	CD_debug	
0x800fd2f8	CD_status	
0x800fd2fc	CD_status1	
0x800fd300	CD_nopen	
0x800fd304	CD_pos	
0x800fd308	CD_mode	
0x800fd309	CD_com	
0x800fd30c	DS_active	
0x800fd310	CD_comstr	
0x800fd390	CD_intstr	
0x800fd5c9	_libcd_bios_2e5	
0x800fd5ca	_libcd_bios_2e6	
0x800fd5cc	_libcd_bios_2e8	
0x800fd6f4	H_cor_tbl	
0x800fd760	GPU_printf	
0x800fd764	GEnv	
0x800fd765	_libgpu_sys_51	
0x800fd766	_libgpu_sys_52	
0x800fd767	_libgpu_sys_53	
0x800fd76a	_libgpu_sys_56	
0x800fd83a	_libgpu_sys_126	
0x800fd88c	_qin	
0x800fd890	_qout	
0x800fe874	D_main_sdata_fe874	
0x800fe87c	D_main_sdata_fe87c	
0x800fe880	D_pad_sdata_fe880	
0x800fe888	sCdFilesEmptyString	D_cdfile_sdata_fe888
0x800fe88c	sCdFilePrefix	D_cdfile_sdata_fe88c
0x800fe8b9	D_gfxa_sdata_fe8b9	
0x800fe8ba	D_gfxa_sdata_fe8ba	
0x800fe8bb	D_gfxa_sdata_fe8bb	
0x800fe918	D_c6d_sdata_fe918	
0x800fe920	D_c6d_sdata_fe920	
0x800fe92f	D_c6d_sdata_fe92f	
0x800fe934	D_c6d_sdata_fe934	
0x800fe938	D_c6d_sdata_fe938	
0x800fe940	D_c6d_sdata_fe940	
0x800fe948	D_heap_sdata_fe948	
0x800fe950	D_mccb_sdata_fe950	
0x800fe954	D_mccb_sdata_fe954	
0x800fe958	D_c8_sdata_fe958	
0x800fe95e	D_c8_sdata_fe95e	
0x800fe960	D_c8_sdata_fe960	
0x800fe968	D_c8_sdata_fe968	
0x800fe96c	D_c8_sdata_fe96c	
0x800fe974	D_c8_sdata_fe974	
0x800fe97c	D_c8_sdata_fe97c	
0x800fe984	D_c8_sdata_fe984	
0x800fe98c	D_c9_sdata_fe98c	
0x800fe994	D_c9_sdata_fe994	
0x800fe99c	D_c9_sdata_fe99c	
0x800fe9a3	D_c9_sdata_fe9a3	
0x800fe9ac	D_caa_sdata_fe9ac	
0x800fe9ad	D_caa_sdata_fe9ad	
0x800fe9ae	D_caa_sdata_fe9ae	
0x800fe9b0	D_caa_sdata_fe9b0	
0x800fe9b7	D_caa_sdata_fe9b7	
0x800fe9bf	D_caa_sdata_fe9bf	
0x800fe9c8	D_caa_sdata_fe9c8	
0x800fe9cc	D_caa_sdata_fe9cc	
0x800fe9d2	D_caa_sdata_fe9d2	
0x800fe9d4	D_cac_sdata_fe9d4	
0x800fe9d8	D_cac_sdata_fe9d8	
0x800fe9dc	D_cba_sdata_fe9dc	
0x800fe9e0	D_cba_sdata_fe9e0	
0x800fe9e4	D_cba_sdata_fe9e4	
0x800fe9ec	D_cba_sdata_fe9ec	
0x800fe9f0	D_cbb_sdata_fe9f0	
0x800fe9f4	D_cbb_sdata_fe9f4	
0x800fe9f8	D_cbb_sdata_fe9f8	
0x800fe9fc	D_cbb_sdata_fe9fc	
0x800fea00	D_cbb_sdata_fea00	
0x800fea04	D_cca_sdata_fea04	
0x800fea0c	D_ccc_sdata_fea0c	
0x800fea14	D_ccc_sdata_fea14	
0x800fea1c	D_ccc_sdata_fea1c	
0x800fea20	D_ccc_sdata_fea20	
0x800fea24	D_ccc_sdata_fea24	
0x800fea2c	D_ccc_sdata_fea2c	
0x800fea34	D_ccc_sdata_fea34	
0x800fea3c	D_ccc_sdata_fea3c	
0x800fea41	D_ccc_sdata_fea41	
0x800fea48	D_main_sbss_fea48	
0x800fea4c	D_main_sbss_fea4c	
0x800fea50	D_main_sbss_fea50	
0x800fea54	D_main_sbss_fea54	
0x800fea58	D_main_sbss_fea58	
0x800fea5c	D_main_sbss_fea5c	
0x800fea60	D_main_sbss_fea60	
0x800fea64	D_main_sbss_fea64	
0x800fea68	D_main_sbss_fea68	
0x800fea6c	D_main_sbss_fea6c	
0x800fea70	D_pad_sbss_fea70	
0x800fea74	D_pad_sbss_fea74	
0x800fea78	D_pad_sbss_fea78	
0x800fea7c	D_cdfile_sbss_fea7c	
0x800fea80	D_cdfile_sbss_fea80	
0x800fea84	D_cdfile_sbss_fea84	
0x800fea88	D_cdfile_sbss_fea88	
0x800fea90	D_gfxa_sbss_fea90	
0x800fea92	D_gfxa_sbss_fea92	
0x800fea94	D_gfxa_sbss_fea94	
0x800fea98	D_gfxc_sbss_fea98	
0x800fea9d	D_gfxc_sbss_fea9d	
0x800fea9e	D_gfxc_sbss_fea9e	
0x800fea9f	D_gfxc_sbss_fea9f	
0x800feaa0	D_gfxb_sbss_feaa0	
0x800feaa4	D_gfxb_sbss_feaa4	
0x800feaa8	D_c6d_sbss_feaa8	
0x800feaaa	D_c6d_sbss_feaaa	
0x800feaab	D_c6d_sbss_feaab	
0x800feaac	D_c6d_sbss_feaac	
0x800feab0	D_c6d_sbss_feab0	
0x800feab4	D_c6d_sbss_feab4	
0x800feab7	D_c6d_sbss_feab7	
0x800feabc	D_c6d_sbss_feabc	
0x800feac2	D_c6d_sbss_feac2	
0x800feac4	D_c6d_sbss_feac4	
0x800feac8	D_c6d_sbss_feac8	
0x800feacc	D_c6d_sbss_feacc	
0x800fead0	D_c6d_sbss_fead0	
0x800fead1	D_c6d_sbss_fead1	
0x800fead4	D_heap_sbss_fead4	
0x800fead8	D_heap_sbss_fead8	
0x800feadc	D_heap_sbss_feadc	
0x800feae0	D_heap_sbss_feae0	
0x800feae4	D_mcsave_sbss_feae4	
0x800feae8	D_mcsave_sbss_feae8	
0x800feaec	D_c8_sbss_feaec	
0x800feaf0	D_c9_sbss_feaf0	
0x800feaf4	D_c9_sbss_feaf4	
0x800feaf8	D_caa_sbss_feaf8	
0x800feafc	D_caa_sbss_feafc	
0x800feb00	D_caa_sbss_feb00	
0x800feb06	D_caa_sbss_feb06	
0x800feb08	D_caa_sbss_feb08	
0x800feb10	D_caa_sbss_feb10	
0x800feb20	D_cbb_sbss_feb20	
0x800feb24	D_ccb_sbss_feb24	
0x800feb28	D_main_bss_feb28	
0x800feb2c	D_main_bss_feb2c	
0x800feb5c	D_main_bss_feb5c	
0x800feb60	D_main_bss_feb60	
0x800feb64	D_main_bss_feb64	
0x800fec1c	D_main_bss_fec1c	
0x800fec40	D_main_bss_fec40	
0x800fec44	D_main_bss_fec44	
0x800fec48	D_main_bss_fec48	
0x800fec64	D_main_bss_fec64	
0x800fec80	D_main_bss_fec80	
0x800fec84	D_main_bss_fec84	
0x800fecb4	D_main_bss_fecb4	
0x800fecbc	D_main_bss_fecbc	
0x800fecc4	D_main_bss_fecc4	
0x800fecc8	D_main_bss_fecc8	
0x800fee40	D_main_bss_fee40	
0x800fee44	D_main_bss_fee44	
0x800ff448	D_main_bss_ff448	
0x800ff44e	D_main_bss_ff44e	
0x800ff4b8	D_main_bss_ff4b8	
0x800ff4fc	D_main_bss_ff4fc	
0x800ff504	D_main_bss_ff504	
0x800ff50d	D_main_bss_ff50d	
0x800ff50e	D_main_bss_ff50e	
0x800ff51c	D_main_bss_ff51c	
0x800ff520	D_main_bss_ff520	
0x800ff528	D_main_bss_ff528	
0x800ff52b	D_main_bss_ff52b	
0x800ff534	D_main_bss_ff534	
0x800ff535	D_main_bss_ff535	
0x800ff538	D_main_bss_ff538	
0x800ff53a	D_main_bss_ff53a	
0x800ff541	D_main_bss_ff541	
0x800ff542	D_main_bss_ff542	
0x800ff546	D_main_bss_ff546	
0x800ff54c	D_main_bss_ff54c	
0x800ff658	D_main_bss_ff658	
0x800ff668	D_main_bss_ff668	
0x800ff6e8	D_main_bss_ff6e8	
0x800ff708	D_main_bss_ff708	
0x800ff714	D_main_bss_ff714	
0x800ff71a	D_main_bss_ff71a	
0x800ff722	D_main_bss_ff722	
0x800ff7a2	D_main_bss_ff7a2	
0x800ff839	D_main_bss_ff839	
0x800ff83a	D_main_bss_ff83a	
0x800ff83c	D_main_bss_ff83c	
0x800ff840	D_main_bss_ff840	
0x800ff844	D_main_bss_ff844	
0x800ff848	D_main_bss_ff848	
0x800ffb70	D_main_bss_ffb70	
0x800ffb80	D_pad_bss_ffb80	
0x800ffc30	D_pad_bss_ffc30	
0x800ffd08	gCdFilesCtx	D_cdFile_bss_ffd08;gCdReqCommon
0x800ffd0e	D_cdfile_bss_ffd0e	
0x800ffd12	D_cdfile_bss_ffd12	
0x800ffd14	D_cdfile_bss_ffd14	
0x800ffd15	D_cdfile_bss_ffd15	
0x800ffd18	sCdReqDriveCtx	D_cdFile_bss_ffd18
0x800ffd58	sCdFileLocs	
0x800ffd7c	D_cdfile_bss_ffd7c	
0x800ffd8c	sCdFileSizes	
0x800ffdc0	gCdAudioCtx	
0x800ffddc	D_cdfile_bss_ffddc	
0x800ffde0	gCdRequests	D_cdFile_bss_ffde0
0x800ffebc	D_cdfile_bss_ffebc	
0x800fff10	D_audio_bss_fff10	
0x80100000	D_audio_bss_100000	
0x8010001c	D_audio_bss_10001c	
0x80100050	D_audio_bss_100050	
0x80100068	D_audio_bss_100068	
0x80100074	D_audio_bss_100074	
0x80100098	sSeqAttrTable	
0x801004b8	D_audio_bss_1004b8	
0x801004e8	D_audio_bss_1004e8	
0x80100518	D_audio_bss_100518	
0x80100550	D_audio_bss_100550	
0x80100588	D_audio_bss_100588	
0x80100594	D_audio_bss_100594	
0x801005a1	D_audio_bss_1005a1	
0x801005aa	D_audio_bss_1005aa	
0x80100622	D_audio_bss_100622	
0x80100624	D_audio_bss_100624	
0x80100626	D_audio_bss_100626	
0x80100628	D_audio_bss_100628	
0x801012b2	D_gfxa_bss_1012b2	
0x801012b6	D_gfxa_bss_1012b6	
0x801012b8	D_gfxa_bss_1012b8	
0x801012ba	D_gfxa_bss_1012ba	
0x801012c0	D_gfxb_bss_1012c0	
0x801012fc	D_gfxb_bss_1012fc	
0x80101e04	D_gfxb_bss_101e04	
0x80101e24	D_gfxb_bss_101e24	
0x80101e2b	D_gfxb_bss_101e2b	
0x80101e90	D_gfxb_bss_101e90	
0x80102160	D_gfxb_bss_102160	
0x801021a8	D_gfxb_bss_1021a8	
0x801021df	D_gfxb_bss_1021df	
0x8010256c	D_gfxb_bss_10256c	
0x8010258c	D_gfxb_bss_10258c	
0x80102593	D_gfxb_bss_102593	
0x80102920	D_gfxb_bss_102920	
0x80102978	D_gfxb_bss_102978	
0x8010297a	D_gfxb_bss_10297a	
0x80103bb4	D_gfxb_bss_103bb4	
0x80103bb5	D_gfxb_bss_103bb5	
0x80103bc4	D_gfxb_bss_103bc4	
0x80103bd0	D_gfxb_bss_103bd0	
0x80103be0	D_gfxb_bss_103be0	
0x80106fe8	D_gfxb_bss_106fe8	
0x801072e8	D_gfxb_bss_1072e8	
0x80107394	D_gfxb_bss_107394	
0x80107398	D_gfxb_bss_107398	
0x801073fc	D_gfxb_bss_1073fc	
0x8010771c	D_gfxb_bss_10771c	
0x801077d8	D_gfxb_bss_1077d8	
0x80107a5c	D_gfxb_bss_107a5c	
0x80107afe	D_gfxb_bss_107afe	
0x80107b04	D_gfxb_bss_107b04	
0x80107bf4	D_gfxb_bss_107bf4	
0x80107c40	D_gfxb_bss_107c40	
0x80107d30	D_gfxb_bss_107d30	
0x801084ec	D_gfxb_bss_1084ec	
0x801086cc	D_gfxb_bss_1086cc	
0x801087bc	D_gfxb_bss_1087bc	
0x801087e0	D_gfxb_bss_1087e0	
0x80108ac0	D_c6d_bss_108ac0	
0x80108ac1	D_c6d_bss_108ac1	
0x80108ac4	D_c6d_bss_108ac4	
0x80108ad8	D_c6d_bss_108ad8	
0x80108ae8	D_c6d_bss_108ae8	
0x80108af8	D_c6d_bss_108af8	
0x80108b08	D_c6d_bss_108b08	
0x80108b28	D_c6d_bss_108b28	
0x80108c68	D_c6d_bss_108c68	
0x80108cc0	D_c6d_bss_108cc0	
0x8010a1c0	D_c6d_bss_10a1c0	
0x8010a1d0	D_c6d_bss_10a1d0	
0x8010a200	D_c6d_bss_10a200	
0x8010a218	D_c6d_bss_10a218	
0x8010a220	D_c6d_bss_10a220	
0x8010a260	D_heap_bss_10a260	
0x8010a468	D_heap_bss_10a468	
0x8010a530	D_heap_bss_10a530	
0x8010a5a0	D_mcsave_bss_10a5a0	
0x8010a5a4	D_mcsave_bss_10a5a4	
0x8010a5a8	D_mcsave_bss_10a5a8	
0x8010a5ad	D_mcsave_bss_10a5ad	
0x8010a7d8	D_mcsave_bss_10a7d8	
0x8010a8bc	D_mcsave_bss_10a8bc	
0x8010a8f5	D_mcsave_bss_10a8f5	
0x8010a9e0	D_ccb_bss_10a9e0	
0x8010aa20	D_ccc_bss_10aa20	
0x8010aa40	D_ccc_bss_10aa40	
0x8010aa60	D_ccc_bss_10aa60	
0x8010aa80	D_ccc_bss_10aa80	
0x8010aaa0	D_ccc_bss_10aaa0	
0x8010aab8	D_libpad_dir_10aab8	
0x8010ac98	D_libpad_dir_10ac98	
0x8010ace0	D_libpad_dir_10ace0	
0x8010ad28	D_libpad_res_10ad28	
0x8010ad2c	D_libpad_res_10ad2c	
0x8010ad30	D_libpad_res_10ad30	
0x8010ad34	D_libpad_res_10ad34	
0x8010ad38	D_libpad_res_10ad38	
0x8010ad3c	D_libpad_res_10ad3c	
0x8010ad40	D_libcard_patch_10ad40	
0x8010ad50	D_libcard_end_10ad50	
0x8010ad60	D_libmcrd_10ad60	
0x8010ad64	D_libmcrd_10ad64	
0x8010ad68	D_libmcrd_10ad68	
0x8010ad6c	D_libmcrd_10ad6c	
0x8010ad70	D_libmcrd_10ad70	
0x8010ad74	D_libmcrd_10ad74	
0x8010ad78	D_libmcrd_10ad78	
0x8010ad80	D_libmcrd_10ad80	
0x8010ad84	D_libmcrd_10ad84	
0x8010ad90	D_libmcrd_10ad90	
0x8010ad94	D_libmcrd_10ad94	
0x8010ada0	D_libmcrd_10ada0	
0x8010ada4	D_libmcrd_10ada4	
0x8010add4	D_libmcrd_10add4	
0x8010ade8	D_libmcrd_10ade8	
0x8010adf0	D_libmcrd_userfunc_10adf0	
0x8010adfc	D_libmcrd_userfunc_10adfc	
0x8010ae30	D_libmcrd_userfunc_10ae30	
0x8010ae40	D_libmcrd_bios_10ae40	
0x8010ae44	D_libmcrd_bios_10ae44	
0x8010ae48	D_libmcrd_bios_10ae48	
0x8010ae4c	D_libmcrd_bios_10ae4c	
0x8010ae50	D_libmcrd_bios_10ae50	
0x8010ae54	D_libmcrd_bios_10ae54	
0x8010ae58	D_libmcrd_bios_10ae58	
0x8010ae5c	D_libmcrd_bios_10ae5c	
0x8010ae60	D_libmcrd_bios_10ae60	
0x8010ae64	D_libmcrd_bios_10ae64	
0x8010ae68	D_libmcrd_bios_10ae68	
0x8010ae6c	D_libmcrd_bios_10ae6c	
0x8010ae70	D_libmcrd_bios_10ae70	
0x8010ae74	D_libmcrd_bios_10ae74	
0x8010ae78	D_libmcrd_bios_10ae78	
0x8010ae7c	D_libmcrd_bios_10ae7c	
0x8010ae80	D_libmcrd_low_10ae80	
0x8010ae84	D_libmcrd_low_10ae84	
0x8010ae88	D_libmcrd_low_10ae88	
0x8010ae8a	D_libmcrd_low_10ae8a	
0x8010afb8	D_libmcrd_low_10afb8	
0x8010b040	D_libmcrd_low_10b040	
0x8010b060	D_libmcrd_low_10b060	
0x8010b0af	D_libmcrd_low_10b0af	
0x8010b0b0	D_libmcrd_low_10b0b0	
0x8010b0c0	D_libmcrd_low_10b0c0	
0x8010b140	D_libspu_10b140	
0x8010b158	D_libsnd_vmf_10b158	
0x8010b15c	D_libsnd_vmf_10b15c	
0x8010b160	D_libsnd_vmf_10b160	
0x8010b164	D_libsnd_vmf_10b164	
0x8010b168	D_libsnd_vmf_10b168	
0x8010b170	D_libsnd_vmf_10b170	
0x8010b174	D_libsnd_vmf_10b174	
0x8010b178	D_libsnd_vmf_10b178	
0x8010b17c	D_libsnd_vmf_10b17c	
0x8010b180	D_libsnd_vmf_10b180	
0x8010b184	D_libsnd_vmf_10b184	
0x8010b188	D_libsnd_vmf_10b188	
0x8010b18c	D_libsnd_vmf_10b18c	
0x8010b190	D_libsnd_vmf_10b190	
0x8010b194	D_libsnd_vmf_10b194	
0x8010b198	D_libsnd_vmf_10b198	
0x8010b19c	D_libsnd_vmf_10b19c	
0x8010b1ec	D_libsnd_vmf_10b1ec	
0x8010b1f0	D_libsnd_vmf_10b1f0	
0x8010b1f4	D_libsnd_vmf_10b1f4	
0x8010b1f8	D_libsnd_vmf_10b1f8	
0x8010b278	D_libsnd_vmf_10b278	
0x8010ba78	D_libsnd_vmf_10ba78	
0x8010ba7a	D_libsnd_vmf_10ba7a	
0x8010ba80	D_libsnd_vminit_10ba80	
0x8010ba82	D_libsnd_vminit_10ba82	
0x8010ba84	D_libsnd_vminit_10ba84	
0x8010ba86	D_libsnd_vminit_10ba86	
0x8010ba88	D_libsnd_vminit_10ba88	
0x8010ba8a	D_libsnd_vminit_10ba8a	
0x8010ba90	D_libsnd_vminit_10ba90	
0x8010ba92	D_libsnd_vminit_10ba92	
0x8010ba94	D_libsnd_vminit_10ba94	
0x8010ba96	D_libsnd_vminit_10ba96	
0x8010ba98	D_libsnd_vminit_10ba98	
0x8010ba9a	D_libsnd_vminit_10ba9a	
0x8010ba9c	D_libsnd_vminit_10ba9c	
0x8010ba9e	D_libsnd_vminit_10ba9e	
0x8010baa0	D_libsnd_vminit_10baa0	
0x8010baa2	D_libsnd_vminit_10baa2	
0x8010baa4	D_libsnd_vminit_10baa4	
0x8010baa6	D_libsnd_vminit_10baa6	
0x8010baa8	D_libsnd_vminit_10baa8	
0x8010baaa	D_libsnd_vminit_10baaa	
0x8010baad	D_libsnd_vminit_10baad	
0x8010baae	D_libsnd_vminit_10baae	
0x8010bab0	D_libsnd_vminit_10bab0	
0x8010bab2	D_libsnd_vminit_10bab2	
0x8010bab4	D_libsnd_vminit_10bab4	
0x8010bab6	D_libsnd_vminit_10bab6	
0x8010baba	D_libsnd_vminit_10baba	
0x8010babc	D_libsnd_vminit_10babc	
0x8010babe	D_libsnd_vminit_10babe	
0x8010bac0	D_libsnd_vminit_10bac0	
0x8010bac2	D_libsnd_vminit_10bac2	
0x8010bac6	D_libsnd_vminit_10bac6	
0x8010bfd0	D_libsnd_vminit_10bfd0	
0x8010bfe8	D_libsnd_vminit_10bfe8	
0x8010bff0	D_libsnd_vminit_10bff0	
0x8010bff2	D_libsnd_vminit_10bff2	
0x8010bff4	D_libsnd_vminit_10bff4	
0x8010bff6	D_libsnd_vminit_10bff6	
0x8010bff8	D_libsnd_vminit_10bff8	
0x8010c170	D_libsnd_vminit_10c170	
0x8010c174	D_libsnd_vminit_10c174	
0x8010c178	D_libsnd_vminit_10c178	
0x8010c1b8	D_libsnd_vminit_10c1b8	
0x8010c1ba	D_libsnd_vminit_10c1ba	
0x8010c1c0	D_libsnd_vminit_10c1c0	
0x8010c1d8	D_libsnd_vminit_10c1d8	
0x8010c218	D_libsnd_vminit_10c218	
0x8010c258	D_libsnd_vminit_10c258	
0x8010c260	D_libsnd_vminit_10c260	
0x8010c2a0	D_libsnd_vminit_10c2a0	
0x8010c2a2	D_libsnd_vminit_10c2a2	
0x8010c2a4	D_libsnd_vminit_10c2a4	
0x8010c2ac	D_libsnd_vminit_10c2ac	
0x8010c2b0	D_libsnd_vminit_10c2b0	
0x8010c2b4	D_libsnd_vminit_10c2b4	
0x8010c2b8	D_libsnd_vminit_10c2b8	
0x8010c2c0	D_libsnd_vminit_10c2c0	
0x8010c2c1	D_libsnd_vminit_10c2c1	
0x8010c2c5	D_libsnd_vminit_10c2c5	
0x8010c2c7	D_libsnd_vminit_10c2c7	
0x8010c2cb	D_libsnd_vminit_10c2cb	
0x8010c2cc	D_libsnd_vminit_10c2cc	
0x8010c2cf	D_libsnd_vminit_10c2cf	
0x8010c2d1	D_libsnd_vminit_10c2d1	
0x8010c2d2	D_libsnd_vminit_10c2d2	
0x8010c2d4	D_libsnd_vminit_10c2d4	
0x8010c2d8	D_libsnd_vminit_10c2d8	
0x8010c2e0	D_libsnd_vminit_10c2e0	
0x8010c2f0	D_libsnd_vminit_10c2f0	
0x8010c2f8	D_libsnd_vminit_10c2f8	
0x8010c338	D_libsnd_vminit_10c338	
0x8010c340	D_libsnd_vminit_10c340	
0x8010c388	D_libsnd_vminit_10c388	
0x8010c490	D_libcd_cdrom_10c490	
0x8010c494	D_libcd_cdrom_10c494	
0x8010c498	D_libcd_cdrom_10c498	
0x8010c49c	D_libcd_cdrom_10c49c	
0x8010c4a0	D_libcd_cdrom_10c4a0	
0x8010c4a4	D_libcd_cdrom_10c4a4	
0x8010c4a8	D_libcd_cdrom_10c4a8	
0x8010c4ac	D_libcd_cdrom_10c4ac	
0x8010c4b0	D_libcd_cdrom_10c4b0	
0x8010c4b4	D_libcd_cdrom_10c4b4	
0x8010c4b8	D_libcd_cdrom_10c4b8	
0x8010c4bc	D_libcd_cdrom_10c4bc	
0x8010c4c0	D_libcd_cdrom_10c4c0	
0x8010c4c4	D_libcd_cdrom_10c4c4	
0x8010c4c8	D_libcd_cdrom_10c4c8	
0x8010c4cc	D_libcd_cdrom_10c4cc	
0x8010c4d0	D_libcd_cdrom_10c4d0	
0x8010c4d4	D_libcd_cdrom_10c4d4	
0x8010c4d8	D_libcd_iso_10c4d8	
0x8010c4d9	D_libcd_iso_10c4d9	
0x8010c4da	D_libcd_iso_10c4da	
0x8010c4dc	D_libcd_iso_10c4dc	
0x8010c4e0	D_libcd_iso_10c4e0	
0x8010cab4	D_libcd_iso_10cab4	
0x8010cad8	D_libcd_iso_10cad8	
0x8010cadc	D_libcd_iso_10cadc	
0x8010cae0	D_libcd_iso_10cae0	
0x8010cae4	D_libcd_iso_10cae4	
0x8010e0d8	D_libcd_iso_10e0d8	
0x8010e8d8	D_libcd_10e8d8	
0x8010e8dc	D_libcd_10e8dc	
0x8010e8e8	D_libcd_10e8e8	
0x8010e8ec	D_libcd_10e8ec	
0x8010e8f0	D_libcd_10e8f0	
0x8010e900	D_libcd_bios_10e900	
0x8010e908	D_libcd_bios_10e908	
0x8010e910	D_libcd_bios_10e910	
0x8010e918	D_libcd_bios_10e918	
0x8010e91c	D_libcd_bios_10e91c	
0x8010e920	D_libcd_bios_10e920	
0x8010e930	D_libcd_bios_10e930	
0x8010e938	D_libgpu_sys_10e938	
0x8010e960	D_libgpu_sys_10e960	
0x8010e988	D_libgpu_sys_10e988	
0x8010e98c	D_libgpu_sys_10e98c	
0x8010e990	D_libgpu_sys_10e990	
0x8010e994	D_libgpu_sys_10e994	
0x80110188	D_psapi_first_110188	
0x80110190	D_psapi_first_110190	
0x801101b8	D_psapi_pad_1101b8	
0x801101bc	D_psapi_pad_1101bc	
0x801101c4	D_psapi_pad_1101c4	
0x801101c8	D_psapi_patch_1101c8	
0x801101d0	_psapi_funcptr_padEnable	
0x801101d4	_psapi_funcptr_padDisable	
0x801101d8	D_psapi_chclrpad_1101d8	
0x801101e8	D_globalBss_1101e8	
0x80111400	gHeap	
0x801f0000	D_globalBss_1f0000	
0x801f0002	D_globalBss_1f0002	
0x801f0003	D_globalBss_1f0003	
0x801f0004	D_globalBss_1f0004	
0x801f0007	D_globalBss_1f0007	
0x801f0008	D_globalBss_1f0008	
0x801f000b	D_globalBss_1f000b	
0x801f000c	D_globalBss_1f000c	
0x801f000f	D_globalBss_1f000f	
0x801f0010	D_globalbss_1f0010	
0x801f0013	D_globalbss_1f0013	
0x801f0014	D_globalbss_1f0014	
0x801f0017	D_globalbss_1f0017	
0x801f0018	D_globalbss_1f0018	
0x801f001b	D_globalbss_1f001b	
0x801f001c	D_globalbss_1f001c	
0x801f001f	D_globalbss_1f001f	
0x801f0200	D_globalbss_1f0200	
0x801f1000	D_globalbss_1f1000	
0x801f11fe	D_globalbss_1f11fe	
0x801f4000	D_globalbss_1f4000	
0x801f4004	D_globalbss_1f4004	
0x801f4007	D_globalbss_1f4007	
0x801f4008	D_globalbss_1f4008	
0x801f400b	D_globalbss_1f400b	
0x801f400c	D_globalbss_1f400c	
0x801f400f	D_globalbss_1f400f	
0x801f4010	D_globalbss_1f4010	
0x801f4013	D_globalbss_1f4013	
0x801f4014	D_globalbss_1f4014	
0x801f4017	D_globalbss_1f4017	
0x801f4018	D_globalbss_1f4018	
0x801f401b	D_globalbss_1f401b	
0x801f401c	D_globalbss_1f401c	
0x801f401f	D_globalbss_1f401f	
0x801f5000	D_globalbss_1f5000	
0x801f51fe	D_globalbss_1f51fe	
0x801f6000	D_globalbss_1f6000	
0x801f8000	D_globalbss_1f8000	
